drug_row,drug_col,drug_row_cid,drug_col_cid,drug_row_pert id,drug_col_pert id,synergy_zip,synergy_bliss,synergy_loewe,synergy_hsa,S,label
5-FLUORO-2'-DEOXYURIDINE,ALLOPURINOL,3363,2094,BRD-A80638690,BRD-K86307448,1.503437009,1.159861498,-17.14653236,0.337649178,5.164,NA
5-FLUORO-2'-DEOXYURIDINE,ANASTROZOLE,3363,2187,BRD-A80638690,BRD-K52172416,3.428982166,-2.986799464,-10.38577889,-1.492410608,-1.9175,NA
5-FLUORO-2'-DEOXYURIDINE,BORTEZOMIB,3363,387447,BRD-A80638690,BRD-K88510285,-2.936115657,-5.190818501,-2.263210885,0.150050201,-4.915,NA
5-FLUORO-2'-DEOXYURIDINE,BUSULFAN,3363,2478,BRD-A80638690,BRD-K23204545,0.657726243,1.462530415,-14.85814016,0.469828401,1.056,NA
5-FLUORO-2'-DEOXYURIDINE,CHEMBL277800,3363,354624,BRD-A80638690,BRD-A82371568,7.010843902,7.81873477,2.773594549,-0.277081267,5.0155,NA
5-FLUORO-2'-DEOXYURIDINE,DASATINIB,3363,3062316,BRD-A80638690,BRD-K49328571,-3.213545466,2.889103227,0.827792395,2.418700424,7.8115,NA
5-FLUORO-2'-DEOXYURIDINE,ERLOTINIB HYDROCHLORIDE,3363,176871,BRD-A80638690,BRD-K70401845,2.519103074,4.686162715,-34.63144456,3.389781881,13.111,antagonism
5-FLUORO-2'-DEOXYURIDINE,IFOSFAMIDE,3363,3690,BRD-A80638690,BRD-A67097164,-3.221734869,1.89808812,-40.3146981,-1.900218119,12.9975,antagonism
5-FLUORO-2'-DEOXYURIDINE,IMIQUIMOD,3363,57469,BRD-A80638690,BRD-K26657438,-2.181010406,-1.734564154,-4.253300093,-0.762367,-6.386,antagonism
5-FLUORO-2'-DEOXYURIDINE,LAPATINIB,3363,208908,BRD-A80638690,BRD-K19687926,-7.672710971,-3.315839457,-28.19412551,-5.169077354,-4.146,antagonism
5-FLUORO-2'-DEOXYURIDINE,METHOXSALEN,3363,4114,BRD-A80638690,BRD-K63430059,-8.913520622,-1.889726117,-24.45125975,0.054315757,4.0455,antagonism
5-FLUORO-2'-DEOXYURIDINE,MITOTANE,3363,4211,BRD-A80638690,BRD-A31204924,-2.803439134,-0.278015534,-11.64727271,-2.326795056,-2.0585,antagonism
5-FLUORO-2'-DEOXYURIDINE,NILOTINIB,3363,644241,BRD-A80638690,BRD-K81528515,3.46163201,7.692571708,4.052149452,3.097319262,7.291,synergy
5-FLUORO-2'-DEOXYURIDINE,PROCARBAZINE HYDROCHLORIDE,3363,9703,BRD-A80638690,BRD-K13032584,-5.121483742,-3.115266424,-42.45470248,-2.756884785,5.7395,antagonism
5-FLUORO-2'-DEOXYURIDINE,TEMOZOLOMIDE,3363,5394,BRD-A80638690,BRD-K32107296,1.45425652,-0.284580663,-30.29955583,-2.017995778,-1.308,antagonism
5-FLUORO-2'-DEOXYURIDINE,THALIDOMIDE,3363,5426,BRD-A80638690,BRD-A93255169,-3.703024776,2.286943442,-16.85185777,1.606478416,-2.2085,NA
5-FLUORO-2'-DEOXYURIDINE,TOPOTECAN HYDROCHLORIDE,3363,60699,BRD-A80638690,BRD-K55696337,-5.599645648,-4.712214782,-4.059970258,-1.451017339,-1.0945,antagonism
5-FLUORO-2'-DEOXYURIDINE,TRETINOIN,3363,444795,BRD-A80638690,BRD-K71879491,-1.00408392,-1.621080091,-5.193719314,2.785383444,-6.6455,NA
5-FLUORO-2'-DEOXYURIDINE,ZOLINZA,3363,5311,BRD-A80638690,BRD-K81418486,2.96147108,5.820864279,-13.3880688,4.70869281,5.1365,NA
5-FU,5-FLUORO-2'-DEOXYURIDINE,3385,3363,BRD-K24844714,BRD-A80638690,-6.307071868,-6.524981134,3.354539753,5.276248366,-33.4635,NA
5-FU,ABT-888,3385,11960529,BRD-K24844714,BRD-K87142802,12.38033326,14.24421585,-6.38271278,11.16712623,24.725625,synergy
5-FU,ALLOPURINOL,3385,2094,BRD-K24844714,BRD-K86307448,-3.065600993,-7.493427559,-27.55263521,-8.686773674,-13.9725,antagonism
5-FU,ALTRETAMINE,3385,2123,BRD-K24844714,BRD-K67043667,-19.18188432,-28.56073689,-46.30917907,-31.4549959,-20.7215,antagonism
5-FU,ANASTROZOLE,3385,2187,BRD-K24844714,BRD-K52172416,1.776274852,-6.624683595,-7.761284488,-7.239105556,-28.8225,NA
5-FU,AZD1775,3385,24856436,BRD-K24844714,BRD-K54256913,7.909984852,8.441785982,3.236334142,12.00086728,18.84675,synergy
5-FU,BEZ-235,3385,11977753,BRD-K24844714,BRD-K12184916,4.135717778,3.45318359,8.119610371,11.51377208,1.223875,synergy
5-FU,BORTEZOMIB,3385,387447,BRD-K24844714,BRD-K88510285,2.295214867,2.056785289,-1.019541873,2.599756638,-13.6704,NA
5-FU,BUSULFAN,3385,2478,BRD-K24844714,BRD-K23204545,-0.854918592,-3.211146777,-19.00526578,-2.968551452,-2.101,antagonism
5-FU,CELECOXIB,3385,2662,BRD-K24844714,BRD-K02637541,1.126538649,-4.91577738,-7.02153236,-4.994440341,-18.7955,NA
5-FU,CHEMBL277800,3385,354624,BRD-K24844714,BRD-A82371568,-5.194654218,-5.605746885,-2.167760114,-1.525819175,-14.2115,antagonism
5-FU,CHLORAMBUCIL,3385,2708,BRD-K24844714,BRD-K29458283,-26.07250373,-60.52811827,-66.18904361,-56.23402639,-74,antagonism
5-FU,DASATINIB,3385,3062316,BRD-K24844714,BRD-K49328571,1.582151785,0.933001794,7.148837822,9.479720672,-9.3798,synergy
5-FU,DINACICLIB,3385,46926350,BRD-K24844714,BRD-K13662825,4.961444741,5.705855093,3.919177082,7.679617314,-0.78475,synergy
5-FU,ERLOTINIB HYDROCHLORIDE,3385,176871,BRD-K24844714,BRD-K70401845,6.365605089,-3.026726204,-6.993303262,-4.338995896,-7.9195,NA
5-FU,IFOSFAMIDE,3385,3690,BRD-K24844714,BRD-A67097164,3.761983523,0.273299944,-16.25482134,-0.218107008,-3.845,NA
5-FU,IMIQUIMOD,3385,57469,BRD-K24844714,BRD-K26657438,2.532616821,-1.587777241,-3.931439044,-2.801662563,-9.8685,NA
5-FU,LAPATINIB,3385,208908,BRD-K24844714,BRD-K19687926,6.850647508,5.688310866,5.918456118,8.657073055,26.1855,synergy
5-FU,LETROZOLE,3385,3902,BRD-K24844714,BRD-K88789588,1.409711263,-4.992004905,-9.4814754,-5.943662563,-25.53,NA
5-FU,METHOXSALEN,3385,4114,BRD-K24844714,BRD-K63430059,-0.600669168,-2.68787181,-7.133325999,-1.705551452,-9.169,antagonism
5-FU,MITOTANE,3385,4211,BRD-K24844714,BRD-A31204924,2.529467808,0.427081975,-9.229940229,0.355004104,-3.2275,NA
5-FU,MK-2206,3385,24964624,BRD-K24844714,BRD-K68065987,4.988661811,5.238934269,10.10669048,12.8355826,11.88175,synergy
5-FU,MK-5108,3385,24748204,BRD-K24844714,BRD-K53665955,10.48620494,11.21627467,8.975591029,13.2452274,20.291625,synergy
5-FU,NILOTINIB,3385,644241,BRD-K24844714,BRD-K81528515,2.07951792,-1.160044631,-4.667602177,-3.398773674,-4.6185,NA
5-FU,PD325901,3385,9826528,BRD-K24844714,BRD-K49865102,-1.87681464,-3.178487104,-4.593954029,4.171921253,-17.18025,NA
5-FU,PROCARBAZINE HYDROCHLORIDE,3385,9703,BRD-K24844714,BRD-K13032584,1.190747642,-0.944645347,-12.09671801,-2.511773674,-3.989,NA
5-FU,TEMOZOLOMIDE,3385,5394,BRD-K24844714,BRD-K32107296,4.109716558,1.547440696,-32.60901539,-1.172407626,9.8219,antagonism
5-FU,THALIDOMIDE,3385,5426,BRD-K24844714,BRD-A93255169,0.214083128,-2.438234516,-9.282321006,-2.201440341,-10.219,NA
5-FU,THIOTEPA,3385,5453,BRD-K24844714,BRD-K09631521,-1.727884775,-3.93950972,-9.334876562,-2.253995896,-6.101,antagonism
5-FU,TOPOTECAN HYDROCHLORIDE,3385,60699,BRD-K24844714,BRD-K55696337,-3.225620011,-5.318390847,-2.703430931,-1.571128687,-22.7855,antagonism
5-FU,TRETINOIN,3385,444795,BRD-K24844714,BRD-K71879491,-2.349816282,-2.355999642,0.123363405,2.77767077,-14.8535,NA
5-FU,ZOLINZA,3385,5311,BRD-K24844714,BRD-K81418486,0.886671238,0.99723943,0.734886323,5.354419065,5.097,synergy
ABT-888,BEZ-235,11960529,11977753,BRD-K87142802,BRD-K12184916,12.44770063,12.80068499,-23.1064815,10.09648422,20.058375,NA
ABT-888,DINACICLIB,11960529,46926350,BRD-K87142802,BRD-K13662825,6.667069704,8.282710352,-46.82350979,5.048727113,13.402375,antagonism
ALLOPURINOL,BORTEZOMIB,2094,387447,BRD-K86307448,BRD-K88510285,1.014454682,2.430505582,-41.89834381,-0.346660011,-22.605,antagonism
ALLOPURINOL,ERLOTINIB HYDROCHLORIDE,2094,176871,BRD-K86307448,BRD-K70401845,0.48300535,-1.145132584,-3.672759662,-4.089460682,1.1,NA
ALLOPURINOL,IFOSFAMIDE,2094,3690,BRD-K86307448,BRD-A67097164,-1.846344213,-2.321968717,2.791786714,-0.563861556,-3.111,NA
ALLOPURINOL,IMIQUIMOD,2094,57469,BRD-K86307448,BRD-K26657438,0.014972553,-3.040484003,-3.663032608,-4.400852851,-3.5195,NA
ALLOPURINOL,METHOXSALEN,2094,4114,BRD-K86307448,BRD-K63430059,-0.359489813,2.281127752,1.557364101,1.455363045,5.835,NA
ALLOPURINOL,PROCARBAZINE HYDROCHLORIDE,2094,9703,BRD-K86307448,BRD-K13032584,-3.220759789,-4.587389196,-4.89309851,-4.164686384,-2.1625,antagonism
ALLOPURINOL,THALIDOMIDE,2094,5426,BRD-K86307448,BRD-A93255169,-5.499508231,-7.973471826,-8.581944512,-6.453551452,-5.133,antagonism
ALLOPURINOL,TOPOTECAN HYDROCHLORIDE,2094,60699,BRD-K86307448,BRD-K55696337,0.212973293,0.978303795,-13.92002676,-0.551363178,-7.2465,NA
ALTRETAMINE,5-FLUORO-2'-DEOXYURIDINE,2123,3363,BRD-K67043667,BRD-A80638690,7.471899802,8.760497143,-22.77455687,5.286723853,9.978,NA
ALTRETAMINE,ALLOPURINOL,2123,2094,BRD-K67043667,BRD-K86307448,3.393063919,7.793738162,-0.531630654,1.064307489,8.264,NA
ALTRETAMINE,ANASTROZOLE,2123,2187,BRD-K67043667,BRD-K52172416,2.830833262,-1.64757249,-8.567434668,-7.880966556,-3.4005,NA
ALTRETAMINE,BORTEZOMIB,2123,387447,BRD-K67043667,BRD-K88510285,2.50028219,-1.07597232,-12.36487325,-7.302056092,-0.9535,NA
ALTRETAMINE,BUSULFAN,2123,2478,BRD-K67043667,BRD-K23204545,1.594915539,5.233618972,-6.098967611,-1.206303622,13.054,NA
ALTRETAMINE,CELECOXIB,2123,2662,BRD-K67043667,BRD-K02637541,2.06126464,-2.284578131,-20.57537814,-8.447887259,2.0115,antagonism
ALTRETAMINE,CHEMBL277800,2123,354624,BRD-K67043667,BRD-A82371568,5.369454248,7.361586892,-39.51993661,2.343057186,14.3055,antagonism
ALTRETAMINE,CHLORAMBUCIL,2123,2708,BRD-K67043667,BRD-K29458283,3.689837296,6.383478017,-11.47061841,1.062641865,20.2455,NA
ALTRETAMINE,DASATINIB,2123,3062316,BRD-K67043667,BRD-K49328571,-3.717818695,0.962723124,-33.75750096,-3.513916789,11.553,antagonism
ALTRETAMINE,ERLOTINIB HYDROCHLORIDE,2123,176871,BRD-K67043667,BRD-K70401845,4.325308959,4.551572822,-2.470908461,-1.773109481,5.9945,NA
ALTRETAMINE,IFOSFAMIDE,2123,3690,BRD-K67043667,BRD-A67097164,3.890297146,4.040247943,-2.641620451,-2.177053925,5.326,NA
ALTRETAMINE,IMIQUIMOD,2123,57469,BRD-K67043667,BRD-K26657438,3.870798898,1.49742498,-4.821665806,-4.814387259,-0.868,NA
ALTRETAMINE,LAPATINIB,2123,208908,BRD-K67043667,BRD-K19687926,6.632149049,8.814515282,0.929438326,1.865751934,16.0745,synergy
ALTRETAMINE,LETROZOLE,2123,3902,BRD-K67043667,BRD-K88789588,3.469762518,-0.1683781,-5.119856121,-6.458722758,6.0925,NA
ALTRETAMINE,METHOXSALEN,2123,4114,BRD-K67043667,BRD-K63430059,1.265246163,4.871519161,-2.817639408,-1.15299837,4.832,NA
ALTRETAMINE,MITOTANE,2123,4211,BRD-K67043667,BRD-A31204924,6.465595026,15.39189378,8.798307151,9.229446075,24.3025,synergy
ALTRETAMINE,NILOTINIB,2123,644241,BRD-K67043667,BRD-K81528515,4.526559625,5.81432234,-1.8310764,-1.078734743,5.02,NA
ALTRETAMINE,PROCARBAZINE HYDROCHLORIDE,2123,9703,BRD-K67043667,BRD-K13032584,3.556766819,7.190300819,-0.939782096,0.733543035,8.4955,NA
ALTRETAMINE,TEMOZOLOMIDE,2123,5394,BRD-K67043667,BRD-K32107296,5.846528853,8.934192266,2.28092122,2.417765322,7.492,synergy
ALTRETAMINE,THALIDOMIDE,2123,5426,BRD-K67043667,BRD-A93255169,2.113663373,6.634600066,0.835585163,0.512557186,9.47,synergy
ALTRETAMINE,THIOTEPA,2123,5453,BRD-K67043667,BRD-K09631521,0.151507067,1.619531529,-11.38203529,-4.31299837,13.28,NA
ALTRETAMINE,TOPOTECAN HYDROCHLORIDE,2123,60699,BRD-K67043667,BRD-K55696337,-5.081482376,-2.779520515,-36.88037336,-8.12649837,-1.8105,antagonism
ALTRETAMINE,TRETINOIN,2123,444795,BRD-K67043667,BRD-K71879491,3.543601831,6.470630635,0.881552117,0.989168297,5.0475,synergy
ALTRETAMINE,ZOLINZA,2123,5311,BRD-K67043667,BRD-K81418486,-1.666968258,3.822840204,-11.09121746,-1.911665036,3.485,NA
ANASTROZOLE,ALLOPURINOL,2187,2094,BRD-K52172416,BRD-K86307448,-2.211056899,-7.360828161,-5.051904429,-6.778889574,-4.2375,antagonism
ANASTROZOLE,BORTEZOMIB,2187,387447,BRD-K52172416,BRD-K88510285,0.953751522,2.662688342,-25.83051889,-1.223342822,-7.393,antagonism
ANASTROZOLE,ERLOTINIB HYDROCHLORIDE,2187,176871,BRD-K52172416,BRD-K70401845,2.138224042,3.824054134,-1.221622765,-1.195694567,5.033,NA
ANASTROZOLE,IFOSFAMIDE,2187,3690,BRD-K52172416,BRD-A67097164,-3.795042025,-5.865141392,-5.951189058,-3.812367116,-5.2445,antagonism
ANASTROZOLE,IMIQUIMOD,2187,57469,BRD-K52172416,BRD-K26657438,5.09193842,5.255459319,-7.54865272,-7.178886422,5.345,NA
ANASTROZOLE,METHOXSALEN,2187,4114,BRD-K52172416,BRD-K63430059,2.619008035,4.522383349,-0.01981407,0.08000152,3.5845,NA
ANASTROZOLE,PROCARBAZINE HYDROCHLORIDE,2187,9703,BRD-K52172416,BRD-K13032584,1.666774668,0.452596956,-3.116572778,-3.670141411,4.818,NA
ANASTROZOLE,THALIDOMIDE,2187,5426,BRD-K52172416,BRD-A93255169,0.963982105,3.543070787,2.078410202,2.101128949,4.344,synergy
ANASTROZOLE,TOPOTECAN HYDROCHLORIDE,2187,60699,BRD-K52172416,BRD-K55696337,6.643475383,-0.114320208,-19.58516485,-1.420823556,-4.26,NA
AXITINIB,5-FLUORO-2'-DEOXYURIDINE,6450551,3363,BRD-K29905972,BRD-A80638690,-2.193745495,-4.587995676,-19.29801115,-5.106276147,-7.7435,antagonism
AXITINIB,5-FU,6450551,3385,BRD-K29905972,BRD-K24844714,1.247162815,-3.767529177,-5.733239525,-4.199333889,-13.9015,NA
AXITINIB,ALLOPURINOL,6450551,2094,BRD-K29905972,BRD-K86307448,0.760806703,1.248144666,-5.373898547,-3.228017339,7.454,NA
AXITINIB,ALTRETAMINE,6450551,2123,BRD-K29905972,BRD-K67043667,2.503259009,-3.678269352,-13.08600662,-9.887995896,-1.1175,antagonism
AXITINIB,ANASTROZOLE,6450551,2187,BRD-K29905972,BRD-K52172416,1.185425555,0.086599792,-2.304320899,-2.336184258,0.1915,NA
AXITINIB,BORTEZOMIB,6450551,387447,BRD-K29905972,BRD-K88510285,0.334413388,1.770060892,-3.857496388,-1.231980132,2.36,NA
AXITINIB,BUSULFAN,6450551,2478,BRD-K29905972,BRD-K23204545,5.790376019,-0.067603144,-6.506530675,-4.363239561,14.543,NA
AXITINIB,CELECOXIB,6450551,2662,BRD-K29905972,BRD-K02637541,0.550985393,7.426555814,3.502647108,4.856029711,13.142,synergy
AXITINIB,CHEMBL277800,6450551,354624,BRD-K29905972,BRD-A82371568,1.136655204,-2.272076466,-4.468021016,-4.5515814,30.3265,NA
AXITINIB,CHLORAMBUCIL,6450551,2708,BRD-K29905972,BRD-K29458283,-6.775928002,-5.119721564,-7.712571984,-6.503038125,-15.095,antagonism
AXITINIB,DASATINIB,6450551,3062316,BRD-K29905972,BRD-K49328571,5.330112196,11.04388136,-6.908270554,10.20655719,26.888,NA
AXITINIB,DEXRAZOXANE,6450551,71384,BRD-K29905972,BRD-K07265709,5.207141294,6.042535437,4.974467131,5.32200163,22.043,synergy
AXITINIB,ERLOTINIB HYDROCHLORIDE,6450551,176871,BRD-K29905972,BRD-K70401845,1.232962078,2.624965723,-1.649202147,-0.822704732,3.405,NA
AXITINIB,EXEMESTANE,6450551,60198,BRD-K29905972,BRD-K33425534,-1.05598883,0.05389802,-6.902182463,-0.820639011,-17.398,NA
AXITINIB,GEFITINIB,6450551,123631,BRD-K29905972,BRD-K64052750,6.206666782,4.651244851,4.697048831,3.893443908,41.783,synergy
AXITINIB,IFOSFAMIDE,6450551,3690,BRD-K29905972,BRD-A67097164,1.439457729,2.362889208,-1.910702282,0.098061209,8.707,NA
AXITINIB,IMIQUIMOD,6450551,57469,BRD-K29905972,BRD-K26657438,1.475121162,-9.196342751,-13.20974528,-12.48047198,-7.0075,antagonism
AXITINIB,LAPATINIB,6450551,208908,BRD-K29905972,BRD-K19687926,2.259988349,-0.01334653,-7.023042825,-5.650686384,4.3185,NA
AXITINIB,LENALIDOMIDE,6450551,216326,BRD-K29905972,BRD-A17883755,-0.137413224,-1.829915827,-1.12959625,-2.704998333,0.729,antagonism
AXITINIB,LETROZOLE,6450551,3902,BRD-K29905972,BRD-K88789588,2.24961954,2.181816467,-1.833347272,-0.890165384,4.1015,NA
AXITINIB,MEGESTROL ACETATE,6450551,11683,BRD-K29905972,BRD-K19507340,0.498577504,-2.369897146,-5.040702604,-4.617772124,-0.4685,NA
AXITINIB,METHOXSALEN,6450551,4114,BRD-K29905972,BRD-K63430059,-0.551096252,-2.846596077,-4.075813761,-4.092097607,-3.011,antagonism
AXITINIB,MITOTANE,6450551,4211,BRD-K29905972,BRD-A31204924,5.307449405,8.592982847,6.153687389,6.745100557,15.427,synergy
AXITINIB,NILOTINIB,6450551,644241,BRD-K29905972,BRD-K81528515,2.265912202,3.702714302,-2.533688807,-1.350315844,8.5585,NA
AXITINIB,PROCARBAZINE HYDROCHLORIDE,6450551,9703,BRD-K29905972,BRD-K13032584,1.331101766,0.511884307,-4.604659381,-3.401926844,6.6155,NA
AXITINIB,TEMOZOLOMIDE,6450551,5394,BRD-K29905972,BRD-K32107296,2.436257124,-4.342888756,-11.28355708,-9.028593621,1.267,antagonism
AXITINIB,THALIDOMIDE,6450551,5426,BRD-K29905972,BRD-A93255169,3.347860139,4.707287856,2.410266359,3.199834764,2.883,synergy
AXITINIB,THIOTEPA,6450551,5453,BRD-K29905972,BRD-K09631521,-0.420885841,-0.801764904,-2.805780335,-2.830192511,5.7305,antagonism
AXITINIB,TOPOTECAN HYDROCHLORIDE,6450551,60699,BRD-K29905972,BRD-K55696337,-6.410386915,0.004705161,-14.48462115,-1.823958304,-1.959,antagonism
AXITINIB,TRETINOIN,6450551,444795,BRD-K29905972,BRD-K71879491,2.118319787,2.824992216,1.954036408,2.007168297,-0.8385,synergy
AXITINIB,ZOLINZA,6450551,5311,BRD-K29905972,BRD-K81418486,-3.341968272,1.849134633,-2.801769634,-0.371970289,4.309,NA
AZD1775,ABT-888,24856436,11960529,BRD-K54256913,BRD-K87142802,5.246500989,6.388935699,-62.39331063,3.427328982,18.27275,antagonism
AZD1775,BEZ-235,24856436,11977753,BRD-K54256913,BRD-K12184916,5.774502018,5.14663225,3.9909496,9.505177869,6.960125,synergy
AZD1775,BORTEZOMIB,24856436,387447,BRD-K54256913,BRD-K88510285,1.70632521,3.29085196,-2.746348148,3.864430975,-14.789,NA
AZD1775,DASATINIB,24856436,3062316,BRD-K54256913,BRD-K49328571,4.025950189,2.964001142,2.873894055,7.980246949,-1.314625,synergy
AZD1775,DINACICLIB,24856436,46926350,BRD-K54256913,BRD-K13662825,3.867285353,5.157325027,-1.012150462,6.035325572,2.47725,NA
AZD1775,LAPATINIB,24856436,208908,BRD-K54256913,BRD-K19687926,7.04286477,8.601669578,4.929692665,10.99032559,39.121,synergy
AZD1775,MK-2206,24856436,24964624,BRD-K54256913,BRD-K68065987,5.682924796,6.118767523,4.892712995,10.46022072,17.296125,synergy
AZD1775,MK-5108,24856436,24748204,BRD-K54256913,BRD-K53665955,1.334083692,5.145332372,-21.10912885,6.010667354,12.0005,NA
AZD1775,PD325901,24856436,9826528,BRD-K54256913,BRD-K49865102,1.792498904,1.691710128,1.363363306,6.231990317,-9.335625,synergy
BEZ-235,DINACICLIB,11977753,46926350,BRD-K12184916,BRD-K13662825,3.821181956,3.957973291,4.342604263,7.013217196,-6.68725,synergy
BORTEZOMIB,ABT-888,387447,11960529,BRD-K88510285,BRD-K87142802,1.875105833,1.42724673,-49.42090193,-0.653823943,-5.917625,antagonism
BORTEZOMIB,BEZ-235,387447,11977753,BRD-K88510285,BRD-K12184916,4.919479443,5.061260164,2.758330215,6.000872316,-13.1735,synergy
BORTEZOMIB,DINACICLIB,387447,46926350,BRD-K88510285,BRD-K13662825,1.238042569,1.356612773,-3.705395293,1.171881041,-21.25225,NA
BUSULFAN,ALLOPURINOL,2478,2094,BRD-K23204545,BRD-K86307448,-2.286734025,-3.300980937,-2.098675771,-2.9279355,-0.6045,antagonism
BUSULFAN,ANASTROZOLE,2478,2187,BRD-K23204545,BRD-K52172416,-0.799781362,-1.341726798,-1.741370595,-2.872440278,0.357,antagonism
BUSULFAN,BORTEZOMIB,2478,387447,BRD-K23204545,BRD-K88510285,0.54367508,4.107485988,-34.63904235,-2.045791637,-5.2945,antagonism
BUSULFAN,ERLOTINIB HYDROCHLORIDE,2478,176871,BRD-K23204545,BRD-K70401845,1.019634346,3.203088434,1.93659933,0.966748133,3.1995,synergy
BUSULFAN,IFOSFAMIDE,2478,3690,BRD-K23204545,BRD-A67097164,-3.484539659,-4.221948046,-5.150159833,-4.456083467,-0.7,antagonism
BUSULFAN,IMIQUIMOD,2478,57469,BRD-K23204545,BRD-K26657438,-0.659996107,-5.168864641,-6.984198139,-9.521638989,1.6115,antagonism
BUSULFAN,METHOXSALEN,2478,4114,BRD-K23204545,BRD-K63430059,-2.784553278,-2.239801219,-2.83001401,-3.793862711,5.362,antagonism
BUSULFAN,PROCARBAZINE HYDROCHLORIDE,2478,9703,BRD-K23204545,BRD-K13032584,-1.937953879,-3.531249395,-0.846014755,-5.552750445,0.821,antagonism
BUSULFAN,THALIDOMIDE,2478,5426,BRD-K23204545,BRD-A93255169,-2.067302004,2.364766477,4.983858655,3.286628067,-0.7005,NA
BUSULFAN,TOPOTECAN HYDROCHLORIDE,2478,60699,BRD-K23204545,BRD-K55696337,5.134973694,7.295837917,-33.98984829,5.602083378,12.233,NA
CELECOXIB,5-FLUORO-2'-DEOXYURIDINE,2662,3363,BRD-K02637541,BRD-A80638690,-4.093545971,7.679051486,-12.54968968,5.053323782,6.751,NA
CELECOXIB,ALLOPURINOL,2662,2094,BRD-K02637541,BRD-K86307448,2.83315473,1.909417671,0.679689773,-2.24669469,5.205,NA
CELECOXIB,ANASTROZOLE,2662,2187,BRD-K02637541,BRD-K52172416,0.571399791,0.071387232,0.785040775,-1.231109481,-1.125,NA
CELECOXIB,BORTEZOMIB,2662,387447,BRD-K02637541,BRD-K88510285,0.710548189,-0.005594317,-33.21137235,-2.908898356,-20.0315,antagonism
CELECOXIB,BUSULFAN,2662,2478,BRD-K02637541,BRD-K23204545,-1.232134176,-0.827163388,-2.674919374,-2.54914058,0.5725,antagonism
CELECOXIB,CHEMBL277800,2662,354624,BRD-K02637541,BRD-A82371568,7.010831936,7.81873477,3.098285088,-0.277081267,5.0155,NA
CELECOXIB,DASATINIB,2662,3062316,BRD-K02637541,BRD-K49328571,-2.202710869,5.368542389,-10.16708838,4.884731957,5.6895,NA
CELECOXIB,ERLOTINIB HYDROCHLORIDE,2662,176871,BRD-K02637541,BRD-K70401845,2.490705192,4.066882666,1.288625101,0.553488244,3.9815,synergy
CELECOXIB,IFOSFAMIDE,2662,3690,BRD-K02637541,BRD-A67097164,-2.225401494,1.806915465,3.649660502,3.331422845,-0.495,NA
CELECOXIB,IMIQUIMOD,2662,57469,BRD-K02637541,BRD-K26657438,2.649154368,2.701858188,-1.400395894,-0.834442789,2.449,NA
CELECOXIB,LAPATINIB,2662,208908,BRD-K02637541,BRD-K19687926,-0.883056135,-1.493995429,-4.171971587,-4.118163133,-1.9475,antagonism
CELECOXIB,METHOXSALEN,2662,4114,BRD-K02637541,BRD-K63430059,-0.436335473,1.870113633,1.236431121,1.804538856,2.173,NA
CELECOXIB,MITOTANE,2662,4211,BRD-K02637541,BRD-A31204924,3.251706104,0.848542042,-3.024486415,-3.371874531,-4.5645,NA
CELECOXIB,NILOTINIB,2662,644241,BRD-K02637541,BRD-K81528515,3.461631962,7.692571569,4.071022318,3.097319133,7.2765,synergy
CELECOXIB,PROCARBAZINE HYDROCHLORIDE,2662,9703,BRD-K02637541,BRD-K13032584,-0.884703564,-2.595271278,-3.120356187,-3.695313489,-3.162,antagonism
CELECOXIB,TEMOZOLOMIDE,2662,5394,BRD-K02637541,BRD-K32107296,4.896118115,8.898913959,3.366275316,3.475197578,6.289,synergy
CELECOXIB,THALIDOMIDE,2662,5426,BRD-K02637541,BRD-A93255169,0.09044974,-2.41248706,-4.11314884,-5.113361356,-2.057,NA
CELECOXIB,THIOTEPA,2662,5453,BRD-K02637541,BRD-K09631521,-0.347730908,4.422159024,-2.005177626,0.096744232,10.8335,NA
CELECOXIB,TOPOTECAN HYDROCHLORIDE,2662,60699,BRD-K02637541,BRD-K55696337,-1.7528024,-1.358295486,-42.79505839,-2.989868489,5.41,antagonism
CELECOXIB,TRETINOIN,2662,444795,BRD-K02637541,BRD-K71879491,-5.287896586,-0.176796351,5.341915446,6.016494556,-1.58,NA
CELECOXIB,ZOLINZA,2662,5311,BRD-K02637541,BRD-K81418486,4.039406941,16.98121126,-2.011598444,3.455303267,15.2525,synergy
CHEMBL277800,ALLOPURINOL,354624,2094,BRD-A82371568,BRD-K86307448,1.522780026,1.674368526,-1.054785624,-1.402250245,0.025,NA
CHEMBL277800,BORTEZOMIB,354624,387447,BRD-A82371568,BRD-K88510285,9.440076974,8.044551821,6.142458509,7.770175333,17.5295,synergy
CHEMBL277800,BUSULFAN,354624,2478,BRD-A82371568,BRD-K23204545,-0.504866146,-3.08816169,0.656169981,-5.6063833,-3.3475,NA
CHEMBL277800,DASATINIB,354624,3062316,BRD-A82371568,BRD-K49328571,-3.209440978,-3.073539803,-4.794045027,-3.471077117,-0.768,antagonism
CHEMBL277800,ERLOTINIB HYDROCHLORIDE,354624,176871,BRD-A82371568,BRD-K70401845,1.63613065,-2.557475673,-4.939453935,-6.343231897,1.373,NA
CHEMBL277800,IFOSFAMIDE,354624,3690,BRD-A82371568,BRD-A67097164,5.360219748,2.840618981,-5.320940007,-4.662160333,7.296,NA
CHEMBL277800,IMIQUIMOD,354624,57469,BRD-A82371568,BRD-K26657438,0.203636766,1.022578638,-2.161244892,-0.685510354,2.804,NA
CHEMBL277800,LAPATINIB,354624,208908,BRD-A82371568,BRD-K19687926,-2.159797534,-6.799413523,-5.577212415,-5.777860554,-11.7325,antagonism
CHEMBL277800,METHOXSALEN,354624,4114,BRD-A82371568,BRD-K63430059,-2.72820878,-6.882185881,-3.978092848,-5.355461783,-5.832,antagonism
CHEMBL277800,PROCARBAZINE HYDROCHLORIDE,354624,9703,BRD-A82371568,BRD-K13032584,-0.302288327,1.10471213,1.599449486,0.976873717,0.436,NA
CHEMBL277800,THALIDOMIDE,354624,5426,BRD-A82371568,BRD-A93255169,-0.166115988,-1.640969982,-0.68465854,-2.896541409,-2.6775,antagonism
CHEMBL277800,TOPOTECAN HYDROCHLORIDE,354624,60699,BRD-A82371568,BRD-K55696337,2.486247729,4.192707879,-10.39907311,1.166544151,12.6135,NA
CHEMBL277800,ZOLINZA,354624,5311,BRD-A82371568,BRD-K81418486,-0.584694955,2.178246004,-1.858941028,-0.978681839,-2.792,NA
CHLORAMBUCIL,5-FLUORO-2'-DEOXYURIDINE,2708,3363,BRD-K29458283,BRD-A80638690,-2.06383882,-2.386898107,-13.18966955,3.051129956,-9.571,NA
CHLORAMBUCIL,ALLOPURINOL,2708,2094,BRD-K29458283,BRD-K86307448,-6.101992353,2.177688256,-13.08713668,-0.884401163,1.3725,NA
CHLORAMBUCIL,ANASTROZOLE,2708,2187,BRD-K29458283,BRD-K52172416,-6.558940385,-6.382312417,-8.197284726,-7.6497582,-18.6605,antagonism
CHLORAMBUCIL,BORTEZOMIB,2708,387447,BRD-K29458283,BRD-K88510285,-6.65833457,-5.72331379,-8.703279784,-7.359290052,-12.89,antagonism
CHLORAMBUCIL,BUSULFAN,2708,2478,BRD-K29458283,BRD-K23204545,-6.655833335,-1.798582473,-9.155525039,-4.154290052,-8.6295,antagonism
CHLORAMBUCIL,CELECOXIB,2708,2662,BRD-K29458283,BRD-K02637541,-7.068866817,-5.519958274,-10.03834784,-6.584401163,-6.362,antagonism
CHLORAMBUCIL,CHEMBL277800,2708,354624,BRD-K29458283,BRD-A82371568,-5.112082304,0.387447474,-19.705541,0.727853928,0.291,antagonism
CHLORAMBUCIL,DASATINIB,2708,3062316,BRD-K29458283,BRD-K49328571,-8.80077004,1.198594349,-1.942828155,3.825962889,-5.3905,NA
CHLORAMBUCIL,ERLOTINIB HYDROCHLORIDE,2708,176871,BRD-K29458283,BRD-K70401845,-5.987206982,-4.036118583,-7.815645668,-6.496377342,-8.661,antagonism
CHLORAMBUCIL,IFOSFAMIDE,2708,3690,BRD-K29458283,BRD-A67097164,-6.643508171,-1.766695771,-16.34950499,-2.895159342,-4.3455,antagonism
CHLORAMBUCIL,IMIQUIMOD,2708,57469,BRD-K29458283,BRD-K26657438,-5.568444647,2.174004558,-0.648954815,-0.057688996,-3.1035,NA
CHLORAMBUCIL,LAPATINIB,2708,208908,BRD-K29458283,BRD-K19687926,-4.919530187,1.278235504,-4.852979002,-3.486022329,2.87,NA
CHLORAMBUCIL,LETROZOLE,2708,3902,BRD-K29458283,BRD-K88789588,-6.135578467,-6.48464908,-10.42768165,-8.503449104,-7.508,antagonism
CHLORAMBUCIL,METHOXSALEN,2708,4114,BRD-K29458283,BRD-K63430059,-1.353511234,-0.899656965,-3.739336002,-0.483016496,-2.2905,antagonism
CHLORAMBUCIL,MITOTANE,2708,4211,BRD-K29458283,BRD-A31204924,2.255412983,6.393824116,0.717735355,5.739118436,5.368,synergy
CHLORAMBUCIL,NILOTINIB,2708,644241,BRD-K29458283,BRD-K81528515,-5.489359577,3.142150519,-1.615512633,-0.973688996,0.3665,NA
CHLORAMBUCIL,PROCARBAZINE HYDROCHLORIDE,2708,9703,BRD-K29458283,BRD-K13032584,-6.077928326,-1.418568248,-13.84819317,-4.42465512,-6.201,antagonism
CHLORAMBUCIL,TEMOZOLOMIDE,2708,5394,BRD-K29458283,BRD-K32107296,-2.205981252,4.48451786,-9.743858569,0.608646656,3.335,NA
CHLORAMBUCIL,THALIDOMIDE,2708,5426,BRD-K29458283,BRD-A93255169,-6.847332043,1.883860554,-3.37872515,1.578118436,-3.0105,NA
CHLORAMBUCIL,THIOTEPA,2708,5453,BRD-K29458283,BRD-K09631521,-7.086847093,-4.596569214,-8.284096753,-4.527639592,-10.8405,antagonism
CHLORAMBUCIL,TOPOTECAN HYDROCHLORIDE,2708,60699,BRD-K29458283,BRD-K55696337,-5.91558085,-0.832961872,-8.506526134,0.859477024,-6.8465,NA
CHLORAMBUCIL,TRETINOIN,2708,444795,BRD-K29458283,BRD-K71879491,-6.495542101,-1.326684564,1.423858632,1.450363887,-8.9965,NA
CHLORAMBUCIL,ZOLINZA,2708,5311,BRD-K29458283,BRD-K81418486,-8.12028068,-4.291622721,-9.102075419,-3.6941114,-10.409,antagonism
CRIZOTINIB,5-FLUORO-2'-DEOXYURIDINE,11626560,3363,BRD-K78431006,BRD-A80638690,-5.771782314,-9.496100027,-22.2695667,-8.077831703,-14.311,antagonism
CRIZOTINIB,ALLOPURINOL,11626560,2094,BRD-K78431006,BRD-K86307448,-1.021857635,0.858174424,-7.05926506,-3.302930286,10.7135,NA
CRIZOTINIB,ANASTROZOLE,11626560,2187,BRD-K78431006,BRD-K52172416,-0.354409306,5.686514757,3.163724021,3.44018936,14.268,NA
CRIZOTINIB,BORTEZOMIB,11626560,387447,BRD-K78431006,BRD-K88510285,-1.03615084,7.331881543,2.410585247,4.573829144,17.561,NA
CRIZOTINIB,BUSULFAN,11626560,2478,BRD-K78431006,BRD-K23204545,-2.429061518,-4.164189448,-12.72874238,-7.33412845,5.5375,antagonism
CRIZOTINIB,CELECOXIB,11626560,2662,BRD-K78431006,BRD-K02637541,-1.774548827,7.492097028,2.625632494,5.335283431,15.256,NA
CRIZOTINIB,CHEMBL277800,11626560,354624,BRD-K78431006,BRD-A82371568,-0.751207313,0.055986306,-1.741780846,-1.558470289,34.497,NA
CRIZOTINIB,DASATINIB,11626560,3062316,BRD-K78431006,BRD-K49328571,1.592282392,7.635118477,3.117617405,7.833747711,27.7155,synergy
CRIZOTINIB,ERLOTINIB HYDROCHLORIDE,11626560,176871,BRD-K78431006,BRD-K70401845,-0.339091914,3.477211766,-3.241597166,0.244440255,10.1955,NA
CRIZOTINIB,IFOSFAMIDE,11626560,3690,BRD-K78431006,BRD-A67097164,-1.22359946,0.89944182,-10.7193952,-1.266276347,11.0295,NA
CRIZOTINIB,IMIQUIMOD,11626560,57469,BRD-K78431006,BRD-K26657438,-0.356975109,-1.375147445,-7.729305459,-4.339586333,9.2275,antagonism
CRIZOTINIB,LAPATINIB,11626560,208908,BRD-K78431006,BRD-K19687926,0.473028094,6.468060574,-2.901930499,1.09675806,19.318,NA
CRIZOTINIB,LETROZOLE,11626560,3902,BRD-K78431006,BRD-K88789588,-0.565699237,7.597027121,0.802774083,4.616890171,10.8075,NA
CRIZOTINIB,METHOXSALEN,11626560,4114,BRD-K78431006,BRD-K63430059,-0.99580854,0.726540485,-2.852063465,-0.473498569,4.6685,NA
CRIZOTINIB,MITOTANE,11626560,4211,BRD-K78431006,BRD-A31204924,2.419175221,11.18300428,6.170708772,9.292056987,20.4095,synergy
CRIZOTINIB,NILOTINIB,11626560,644241,BRD-K78431006,BRD-K81528515,0.109971949,2.996286384,-3.901158614,-1.779964162,9.157,NA
CRIZOTINIB,PROCARBAZINE HYDROCHLORIDE,11626560,9703,BRD-K78431006,BRD-K13032584,-0.132618885,-1.511790066,-9.102466001,-5.269394178,10.11,antagonism
CRIZOTINIB,TEMOZOLOMIDE,11626560,5394,BRD-K78431006,BRD-K32107296,0.537650542,2.677646483,-9.364662437,-1.734458689,11.1605,NA
CRIZOTINIB,THALIDOMIDE,11626560,5426,BRD-K78431006,BRD-A93255169,1.65028203,4.626834054,-2.662991553,2.938279209,7.5175,NA
CRIZOTINIB,THIOTEPA,11626560,5453,BRD-K78431006,BRD-K09631521,-2.635701987,-4.135902906,-6.805367785,-5.094208718,4.6405,antagonism
CRIZOTINIB,TOPOTECAN HYDROCHLORIDE,11626560,60699,BRD-K78431006,BRD-K55696337,-5.077924029,-0.687334364,-13.60020645,-1.799513859,3.6135,antagonism
CRIZOTINIB,TRETINOIN,11626560,444795,BRD-K78431006,BRD-K71879491,-6.576232691,-2.897685984,-1.392156838,-1.377498569,-1.359,antagonism
CRIZOTINIB,ZOLINZA,11626560,5311,BRD-K78431006,BRD-K81418486,-2.318856859,0.873724161,-1.783813486,-0.283192511,4.5835,NA
DASATINIB,ABT-888,3062316,11960529,BRD-K49328571,BRD-K87142802,6.473300818,5.980220084,-14.95098769,3.588328982,2.600375,NA
DASATINIB,ALLOPURINOL,3062316,2094,BRD-K49328571,BRD-K86307448,2.546799142,3.145600068,-14.12509095,1.671944326,3.33,NA
DASATINIB,ANASTROZOLE,3062316,2187,BRD-K49328571,BRD-K52172416,2.55590549,2.694012209,4.157543084,3.220582889,2.295,synergy
DASATINIB,BEZ-235,3062316,11977753,BRD-K49328571,BRD-K12184916,1.680152718,1.164790721,11.49653751,13.45454878,-11.4575,synergy
DASATINIB,BUSULFAN,3062316,2478,BRD-K49328571,BRD-K23204545,-5.857300794,-1.520265186,-11.00671214,-0.040128687,-3.663,antagonism
DASATINIB,DINACICLIB,3062316,46926350,BRD-K49328571,BRD-K13662825,1.27115831,0.023195316,2.050683343,3.852095196,-15.31225,synergy
DASATINIB,ERLOTINIB HYDROCHLORIDE,3062316,176871,BRD-K49328571,BRD-K70401845,-3.395031122,2.190688002,-12.54915692,1.696448548,8.403,NA
DASATINIB,IFOSFAMIDE,3062316,3690,BRD-K49328571,BRD-A67097164,-0.832063353,-0.090364968,-53.38634574,1.885338111,4.642,antagonism
DASATINIB,IMIQUIMOD,3062316,57469,BRD-K49328571,BRD-K26657438,0.437584165,6.788355245,3.024239727,5.922850972,13.8475,synergy
DASATINIB,METHOXSALEN,3062316,4114,BRD-K49328571,BRD-K63430059,-4.455773543,-0.625484457,-25.17170387,0.209781889,3.698,antagonism
DASATINIB,MITOTANE,3062316,4211,BRD-K49328571,BRD-A31204924,-3.717300832,1.434223152,-11.97584921,-0.956795354,0.7335,NA
DASATINIB,PROCARBAZINE HYDROCHLORIDE,3062316,9703,BRD-K49328571,BRD-K13032584,-2.088923519,4.911493858,-8.204148777,5.305313111,13.839,NA
DASATINIB,THALIDOMIDE,3062316,5426,BRD-K49328571,BRD-A93255169,-4.081557381,-1.047089969,-8.541511619,0.322049964,-7.1165,NA
DASATINIB,TOPOTECAN HYDROCHLORIDE,3062316,60699,BRD-K49328571,BRD-K55696337,-8.976096714,-3.815686148,-3.563033879,-1.626617333,4.626,antagonism
DEXAMETHASONE,ABT-888,5743,11960529,BRD-K38775274,BRD-K87142802,3.373369087,3.420415517,-0.33852459,-0.773248018,3.14825,NA
DEXAMETHASONE,AZD1775,5743,24856436,BRD-K38775274,BRD-K54256913,6.689511346,10.11864668,-56.17003434,9.672193345,22.06075,antagonism
DEXAMETHASONE,BEZ-235,5743,11977753,BRD-K38775274,BRD-K12184916,9.905034056,10.81511202,-22.79549713,10.40746859,16.02425,NA
DEXAMETHASONE,BORTEZOMIB,5743,387447,BRD-K38775274,BRD-K88510285,0.318507921,-0.558838304,-49.64014886,-0.928470785,-10.447375,antagonism
DEXAMETHASONE,DASATINIB,5743,3062316,BRD-K38775274,BRD-K49328571,6.190983792,5.337310542,-13.56301598,4.976740219,-0.13325,NA
DEXAMETHASONE,DINACICLIB,5743,46926350,BRD-K38775274,BRD-K13662825,2.753895075,3.100937666,-26.59312869,1.117225489,3.9015,NA
DEXAMETHASONE,LAPATINIB,5743,208908,BRD-K38775274,BRD-K19687926,6.971312215,6.674956432,-23.74944114,6.171494969,33.67075,NA
DEXAMETHASONE,MK-2206,5743,24964624,BRD-K38775274,BRD-K68065987,5.814099711,7.356499413,-9.870736334,6.870967094,17.365625,NA
DEXAMETHASONE,MK-5108,5743,24748204,BRD-K38775274,BRD-K53665955,2.623932012,7.467608445,1.439891956,5.475839946,9.00575,synergy
DEXAMETHASONE,PD325901,5743,9826528,BRD-K38775274,BRD-K49865102,-0.239487539,-2.519148461,-37.76415696,-2.792726656,-8.995875,antagonism
DEXAMETHASONE,TEMOZOLOMIDE,5743,5394,BRD-K38775274,BRD-K32107296,3.181024125,-2.321059039,-5.338976554,-6.236248016,0.005,NA
DEXAMETHASONE,ZOLINZA,5743,5311,BRD-K38775274,BRD-K81418486,3.057178883,4.316548713,-35.46047368,3.935244219,23.32525,antagonism
DEXRAZOXANE,5-FLUORO-2'-DEOXYURIDINE,71384,3363,BRD-K07265709,BRD-A80638690,0.259101682,0.394199979,6.805845961,9.070914378,-6.3235,synergy
DEXRAZOXANE,5-FU,71384,3385,BRD-K07265709,BRD-K24844714,-14.28428713,-26.9182105,-22.13545575,-19.89430778,-40.9325,antagonism
DEXRAZOXANE,ALLOPURINOL,71384,2094,BRD-K07265709,BRD-K86307448,-6.232737585,4.183293185,-15.01090185,1.99103798,19.188,NA
DEXRAZOXANE,ALTRETAMINE,71384,2123,BRD-K07265709,BRD-K67043667,8.744674335,11.62520572,-4.455148271,6.795671378,37.464,synergy
DEXRAZOXANE,ANASTROZOLE,71384,2187,BRD-K07265709,BRD-K52172416,-7.762139264,-2.361956043,-3.493587023,-3.387217444,7.981,antagonism
DEXRAZOXANE,BORTEZOMIB,71384,387447,BRD-K07265709,BRD-K88510285,-0.026550015,4.712422114,3.689221212,3.733482424,18.702,NA
DEXRAZOXANE,BUSULFAN,71384,2478,BRD-K07265709,BRD-K23204545,-11.27762712,2.469528291,-5.257174417,1.706593535,16.2055,NA
DEXRAZOXANE,CELECOXIB,71384,2662,BRD-K07265709,BRD-K02637541,-10.87970394,-0.964623039,-3.544962158,-1.322684243,15.265,antagonism
DEXRAZOXANE,CHEMBL277800,71384,354624,BRD-K07265709,BRD-A82371568,0.607481461,3.637723359,4.252722958,5.16787155,25.453,synergy
DEXRAZOXANE,CHLORAMBUCIL,71384,2708,BRD-K07265709,BRD-K29458283,5.554148194,-3.653399916,-6.519150587,0.135564077,9.5945,NA
DEXRAZOXANE,DASATINIB,71384,3062316,BRD-K07265709,BRD-K49328571,-6.953436137,0.195195085,4.127629248,5.261581699,10.9865,NA
DEXRAZOXANE,ERLOTINIB HYDROCHLORIDE,71384,176871,BRD-K07265709,BRD-K70401845,-5.590778784,1.552402883,-1.289571594,-0.63732923,18.4835,NA
DEXRAZOXANE,IFOSFAMIDE,71384,3690,BRD-K07265709,BRD-A67097164,-6.565677723,0.092328624,-14.09911059,-0.727662563,14.1975,antagonism
DEXRAZOXANE,IMIQUIMOD,71384,57469,BRD-K07265709,BRD-K26657438,-2.56584438,5.785899474,3.520283611,3.760337437,14.978,NA
DEXRAZOXANE,LAPATINIB,71384,208908,BRD-K07265709,BRD-K19687926,1.372519929,7.438764381,2.462317295,3.114559659,24.057,synergy
DEXRAZOXANE,LETROZOLE,71384,3902,BRD-K07265709,BRD-K88789588,-10.14473058,-0.104780484,-2.634018702,-1.692773674,15.07,antagonism
DEXRAZOXANE,MEGESTROL ACETATE,71384,11683,BRD-K07265709,BRD-K19507340,-2.531208304,-0.195586785,-6.767293438,-0.687107008,14.3595,antagonism
DEXRAZOXANE,METHOXSALEN,71384,4114,BRD-K07265709,BRD-K63430059,1.220025083,1.749400844,1.755329681,3.208149091,16.4765,synergy
DEXRAZOXANE,MITOTANE,71384,4211,BRD-K07265709,BRD-A31204924,8.616790007,9.894833129,5.261613328,9.774559659,25.0585,synergy
DEXRAZOXANE,NILOTINIB,71384,644241,BRD-K07265709,BRD-K81528515,5.040816052,6.709459774,2.700033556,2.973781881,19.601,synergy
DEXRAZOXANE,PROCARBAZINE HYDROCHLORIDE,71384,9703,BRD-K07265709,BRD-K13032584,-9.953915475,0.572119771,-6.555831117,-2.042884785,12.924,NA
DEXRAZOXANE,TEMOZOLOMIDE,71384,5394,BRD-K07265709,BRD-K32107296,-0.753960318,4.403545751,-5.186772943,0.885671444,18.977,NA
DEXRAZOXANE,THALIDOMIDE,71384,5426,BRD-K07265709,BRD-A93255169,3.411351463,4.856875105,2.627683532,5.252004104,16.749,synergy
DEXRAZOXANE,THIOTEPA,71384,5453,BRD-K07265709,BRD-K09631521,-5.017497035,-1.051878944,-0.684199439,0.483458603,11.7825,NA
DEXRAZOXANE,TOPOTECAN HYDROCHLORIDE,71384,60699,BRD-K07265709,BRD-K55696337,-9.065791688,1.483284904,2.943778218,4.305458603,4.24,NA
DEXRAZOXANE,TRETINOIN,71384,444795,BRD-K07265709,BRD-K71879491,-4.577408761,0.903430751,6.575833564,6.838589313,2.8025,NA
DEXRAZOXANE,ZOLINZA,71384,5311,BRD-K07265709,BRD-K81418486,-8.47705256,-0.471985402,0.552737373,1.221569714,3.872,NA
ERLOTINIB HYDROCHLORIDE,BORTEZOMIB,176871,387447,BRD-K70401845,BRD-K88510285,54.27321097,56.62288712,49.30265579,49.66298043,38.977,synergy
ETOPOSIDE,ABT-888,36462,11960529,BRD-K37798499,BRD-K87142802,8.496708467,8.699071714,-26.03934628,5.414773332,26.370625,NA
ETOPOSIDE,AZD1775,36462,24856436,BRD-K37798499,BRD-K54256913,10.56947234,11.63348764,6.64230172,13.84559638,30.85125,synergy
ETOPOSIDE,BEZ-235,36462,11977753,BRD-K37798499,BRD-K12184916,3.685125298,3.855779533,6.296837425,9.105677318,4.86525,synergy
ETOPOSIDE,BORTEZOMIB,36462,387447,BRD-K37798499,BRD-K88510285,1.864112895,2.338552461,-1.22512038,2.654302338,-13.18075,NA
ETOPOSIDE,DASATINIB,36462,3062316,BRD-K37798499,BRD-K49328571,3.688635947,3.198465928,7.423244872,9.534505051,1.3525,synergy
ETOPOSIDE,DINACICLIB,36462,46926350,BRD-K37798499,BRD-K13662825,1.365655559,1.781558655,-0.966453404,2.765980843,1.572,NA
ETOPOSIDE,LAPATINIB,36462,208908,BRD-K37798499,BRD-K19687926,6.456902892,6.300377148,6.476889655,8.98631996,38.982,synergy
ETOPOSIDE,MK-2206,36462,24964624,BRD-K37798499,BRD-K68065987,3.728545903,4.076011804,6.418788721,8.571678222,18.696375,synergy
ETOPOSIDE,MK-5108,36462,24748204,BRD-K37798499,BRD-K53665955,6.20213967,8.869232219,0.502996478,9.47180586,26.096625,synergy
ETOPOSIDE,PD325901,36462,9826528,BRD-K37798499,BRD-K49865102,0.165985204,-0.289686914,1.418485565,4.947182862,-8.443875,NA
ETOPOSIDE,TEMOZOLOMIDE,36462,5394,BRD-K37798499,BRD-K32107296,5.264247731,5.561982322,-47.75847402,2.495773332,19.04425,antagonism
ETOPOSIDE,ZOLINZA,36462,5311,BRD-K37798499,BRD-K81418486,4.745623844,5.119029463,3.577907217,7.909456508,23.327875,synergy
EXEMESTANE,5-FLUORO-2'-DEOXYURIDINE,60198,3363,BRD-K33425534,BRD-A80638690,1.819545418,2.271136086,3.578466638,6.053834764,-1.47,synergy
EXEMESTANE,5-FU,60198,3385,BRD-K33425534,BRD-K24844714,-11.43693166,-20.38691704,-19.77152425,-17.01894556,-51.275,antagonism
EXEMESTANE,ALLOPURINOL,60198,2094,BRD-K33425534,BRD-K86307448,1.468367212,5.736467822,-38.64595649,3.452593535,-5.7305,antagonism
EXEMESTANE,ALTRETAMINE,60198,2123,BRD-K33425534,BRD-K67043667,5.478216687,10.71980559,-34.8462285,6.437837437,7.045,NA
EXEMESTANE,ANASTROZOLE,60198,2187,BRD-K33425534,BRD-K52172416,2.346515133,2.965724646,2.923088264,2.07267077,14.3265,synergy
EXEMESTANE,BORTEZOMIB,60198,387447,BRD-K33425534,BRD-K88510285,1.89172981,-2.471276639,-2.82211574,-3.247186384,13.828,NA
EXEMESTANE,BUSULFAN,60198,2478,BRD-K33425534,BRD-K23204545,1.837751845,6.685813922,-14.33311193,4.644736381,-3.063,NA
EXEMESTANE,CELECOXIB,60198,2662,BRD-K33425534,BRD-K02637541,0.314211296,3.380672959,0.873021831,3.129424727,10.693,synergy
EXEMESTANE,CHEMBL277800,60198,354624,BRD-K33425534,BRD-A82371568,0.829648776,2.81749272,-10.03456599,3.028958603,26.8695,NA
EXEMESTANE,CHLORAMBUCIL,60198,2708,BRD-K33425534,BRD-K29458283,-17.86579725,-39.41679604,-53.46649025,-38.38243592,-51.248,antagonism
EXEMESTANE,DASATINIB,60198,3062316,BRD-K33425534,BRD-K49328571,-5.550303137,-0.191271541,-1.267578522,1.762980431,12.8685,NA
EXEMESTANE,DEXRAZOXANE,60198,71384,BRD-K33425534,BRD-K07265709,0.576225555,2.059928767,0.592285888,4.255964224,-13.3075,synergy
EXEMESTANE,ERLOTINIB HYDROCHLORIDE,60198,176871,BRD-K33425534,BRD-K70401845,5.103877435,6.718481011,5.350988198,4.811115215,10.0905,synergy
EXEMESTANE,IFOSFAMIDE,60198,3690,BRD-K33425534,BRD-A67097164,0.803062764,0.07003507,-24.329595,-0.644218119,-2.814,antagonism
EXEMESTANE,IMIQUIMOD,60198,57469,BRD-K33425534,BRD-K26657438,0.913670223,0.874035777,-0.092039632,-0.890329444,-3.9535,NA
EXEMESTANE,LAPATINIB,60198,208908,BRD-K33425534,BRD-K19687926,2.130375821,4.177046358,0.950321531,0.410448548,28.5165,synergy
EXEMESTANE,LETROZOLE,60198,3902,BRD-K33425534,BRD-K88789588,6.824625159,2.519003088,1.35192222,1.135781881,15.8675,synergy
EXEMESTANE,MEGESTROL ACETATE,60198,11683,BRD-K33425534,BRD-K19507340,0.975826423,-6.44192583,-44.26538259,-7.097517576,-24.1795,antagonism
EXEMESTANE,METHOXSALEN,60198,4114,BRD-K33425534,BRD-K63430059,-0.696473518,-4.941451578,-5.405517226,-3.604186384,2.7665,antagonism
EXEMESTANE,MITOTANE,60198,4211,BRD-K33425534,BRD-A31204924,5.054935501,7.539323845,-7.507505866,7.434559659,16.7095,NA
EXEMESTANE,NILOTINIB,60198,644241,BRD-K33425534,BRD-K81528515,1.979993357,4.845521272,2.375101211,1.591559659,1.002,synergy
EXEMESTANE,PROCARBAZINE HYDROCHLORIDE,60198,9703,BRD-K33425534,BRD-K13032584,1.646012389,1.948580167,-15.27129171,-0.329218897,4.7605,NA
EXEMESTANE,TEMOZOLOMIDE,60198,5394,BRD-K33425534,BRD-K32107296,3.223221719,4.346581497,-16.57274437,1.282337437,25.8455,NA
EXEMESTANE,THALIDOMIDE,60198,5426,BRD-K33425534,BRD-A93255169,-0.584879248,-5.13861739,-10.14825659,-4.794440341,3.2825,antagonism
EXEMESTANE,THIOTEPA,60198,5453,BRD-K33425534,BRD-K09631521,-0.728217956,5.698615454,-3.714915041,5.681403048,-4.5445,NA
EXEMESTANE,TOPOTECAN HYDROCHLORIDE,60198,60699,BRD-K33425534,BRD-K55696337,-3.796611162,0.415017507,-6.118966939,1.085069714,-11.269,NA
EXEMESTANE,TRETINOIN,60198,444795,BRD-K33425534,BRD-K71879491,1.77191391,5.091618698,8.298451382,8.319612542,1.2865,synergy
EXEMESTANE,ZOLINZA,60198,5311,BRD-K33425534,BRD-K81418486,-0.529659292,3.259087531,-2.62003908,3.437958603,3.5575,NA
GEFITINIB,5-FLUORO-2'-DEOXYURIDINE,123631,3363,BRD-K64052750,BRD-A80638690,3.213237998,2.433354253,4.975057585,9.1961366,0.4375,synergy
GEFITINIB,5-FU,123631,3385,BRD-K64052750,BRD-K24844714,-12.21912659,-14.76039202,-10.70321194,-9.017585556,-18.9685,antagonism
GEFITINIB,ALLOPURINOL,123631,2094,BRD-K64052750,BRD-K86307448,7.975011492,8.177348725,-4.640575532,5.838091394,23.3725,NA
GEFITINIB,ALTRETAMINE,123631,2123,BRD-K64052750,BRD-K67043667,25.12225762,27.31980174,1.106666948,22.38422633,46.9275,synergy
GEFITINIB,ANASTROZOLE,123631,2187,BRD-K64052750,BRD-K52172416,-0.836197968,3.494665906,3.239347178,2.446892992,18.673,NA
GEFITINIB,BORTEZOMIB,123631,387447,BRD-K64052750,BRD-K88510285,-1.878031146,1.907131793,0.938887093,0.805646949,23.535,NA
GEFITINIB,BUSULFAN,123631,2478,BRD-K64052750,BRD-K23204545,4.02492056,6.987640003,-4.156862997,5.190069714,24.058,NA
GEFITINIB,CELECOXIB,123631,2662,BRD-K64052750,BRD-K02637541,6.43920116,9.165147929,7.66542042,8.700924727,31.136,synergy
GEFITINIB,CHEMBL277800,123631,354624,BRD-K64052750,BRD-A82371568,6.455154038,8.078754177,3.422046313,9.352204883,27.277,synergy
GEFITINIB,CHLORAMBUCIL,123631,2708,BRD-K64052750,BRD-K29458283,5.434066073,-1.130365981,-2.710309464,1.743450825,1.201,NA
GEFITINIB,DASATINIB,123631,3062316,BRD-K64052750,BRD-K49328571,4.128834531,7.976895115,6.037346941,11.85551764,22.8885,synergy
GEFITINIB,DEXRAZOXANE,123631,71384,BRD-K64052750,BRD-K07265709,-0.724147769,0.998933771,5.471435063,6.071573194,18.2955,NA
GEFITINIB,ERLOTINIB HYDROCHLORIDE,123631,176871,BRD-K64052750,BRD-K70401845,3.330196437,4.577704474,2.946771216,2.339892992,20.114,synergy
GEFITINIB,EXEMESTANE,123631,60198,BRD-K64052750,BRD-K33425534,-0.571132887,1.088199996,-2.129270771,3.105448934,8.348,NA
GEFITINIB,IFOSFAMIDE,123631,3690,BRD-K64052750,BRD-A67097164,1.619846563,3.444444064,-18.80957708,2.606448548,19.4335,NA
GEFITINIB,IMIQUIMOD,123631,57469,BRD-K64052750,BRD-K26657438,0.498196911,1.500929005,0.218787873,-0.569107467,21.7285,NA
GEFITINIB,LAPATINIB,123631,208908,BRD-K64052750,BRD-K19687926,-1.014636493,6.839265355,3.026993439,2.420115215,20.8315,NA
GEFITINIB,LETROZOLE,123631,3902,BRD-K64052750,BRD-K88789588,-8.836874371,1.74886444,-0.614807442,0.126004104,21.852,NA
GEFITINIB,MEGESTROL ACETATE,123631,11683,BRD-K64052750,BRD-K19507340,5.716750147,-0.326905716,-12.67729161,-0.834908606,27.313,NA
GEFITINIB,METHOXSALEN,123631,4114,BRD-K64052750,BRD-K63430059,-6.899669849,-2.234145287,-5.379646103,-0.855926955,21.2655,antagonism
GEFITINIB,MITOTANE,123631,4211,BRD-K64052750,BRD-A31204924,-0.074974346,9.281696164,-1.341621035,9.158781881,30.6955,NA
GEFITINIB,NILOTINIB,123631,644241,BRD-K64052750,BRD-K81528515,5.166656968,6.576371954,3.544879251,2.75867077,21.4015,synergy
GEFITINIB,PROCARBAZINE HYDROCHLORIDE,123631,9703,BRD-K64052750,BRD-K13032584,4.336858809,4.996646643,-8.176184219,2.324225378,28.1035,NA
GEFITINIB,TEMOZOLOMIDE,123631,5394,BRD-K64052750,BRD-K32107296,6.439901935,10.37178638,-5.071402725,6.77667077,23.4075,NA
GEFITINIB,THALIDOMIDE,123631,5426,BRD-K64052750,BRD-A93255169,-3.567023318,-1.547133971,-11.45274684,-1.14332923,16.967,antagonism
GEFITINIB,THIOTEPA,123631,5453,BRD-K64052750,BRD-K09631521,1.835958545,3.180922202,-0.005211476,3.733069714,20.9305,NA
GEFITINIB,TOPOTECAN HYDROCHLORIDE,123631,60699,BRD-K64052750,BRD-K55696337,-4.354779495,3.139640589,-3.549136838,5.14262527,15.1265,NA
GEFITINIB,TRETINOIN,123631,444795,BRD-K64052750,BRD-K71879491,4.213920985,7.129452758,10.9771547,10.9941681,25.2655,synergy
GEFITINIB,ZOLINZA,123631,5311,BRD-K64052750,BRD-K81418486,0.996400248,6.608686466,5.416289119,7.374514159,27.9965,synergy
IFOSFAMIDE,ERLOTINIB HYDROCHLORIDE,3690,176871,BRD-A67097164,BRD-K70401845,3.254824,2.915793009,-2.289209771,-2.884285991,-0.7205,NA
IFOSFAMIDE,IMIQUIMOD,3690,57469,BRD-A67097164,BRD-K26657438,1.050719377,5.483140587,-3.195933108,0.207279089,11.4025,NA
IFOSFAMIDE,TOPOTECAN HYDROCHLORIDE,3690,60699,BRD-A67097164,BRD-K55696337,-3.933336174,-3.590101834,-45.77597862,-7.074444244,-8.312,antagonism
IMIQUIMOD,BORTEZOMIB,57469,387447,BRD-K26657438,BRD-K88510285,-1.00009846,-3.323601258,-21.6274282,-8.280980856,5.6335,antagonism
IMIQUIMOD,ERLOTINIB HYDROCHLORIDE,57469,176871,BRD-K26657438,BRD-K70401845,2.900126061,1.810782461,-5.408221617,-4.294556092,5.384,NA
IMIQUIMOD,TOPOTECAN HYDROCHLORIDE,57469,60699,BRD-K26657438,BRD-K55696337,-1.037545816,-4.211340884,-26.62465972,-8.237631756,-12.817,antagonism
LAPATINIB,ABT-888,208908,11960529,BRD-K19687926,BRD-K87142802,7.540026751,7.427126604,-26.95259053,4.087349357,42.30475,NA
LAPATINIB,ALLOPURINOL,208908,2094,BRD-K19687926,BRD-K86307448,-0.350882229,2.683700896,0.223394754,1.3964488,5.699,NA
LAPATINIB,ANASTROZOLE,208908,2187,BRD-K19687926,BRD-K52172416,-1.574539607,-2.788433733,-6.37969771,-7.108277622,0.694,antagonism
LAPATINIB,BEZ-235,208908,11977753,BRD-K19687926,BRD-K12184916,11.40500198,11.32815413,14.4077872,16.59019399,30.459375,synergy
LAPATINIB,BORTEZOMIB,208908,387447,BRD-K19687926,BRD-K88510285,3.630327213,4.305533153,-9.562896763,4.477332655,5.1243,NA
LAPATINIB,BUSULFAN,208908,2478,BRD-K19687926,BRD-K23204545,-1.199339029,2.303998012,-7.304093592,1.547585188,1.842,NA
LAPATINIB,DINACICLIB,208908,46926350,BRD-K19687926,BRD-K13662825,6.816602904,8.323158267,4.291481128,9.774345883,29.628875,synergy
LAPATINIB,ERLOTINIB HYDROCHLORIDE,208908,176871,BRD-K19687926,BRD-K70401845,1.113539176,2.178394883,0.783099532,-0.019347567,2.007,NA
LAPATINIB,IFOSFAMIDE,208908,3690,BRD-K19687926,BRD-A67097164,-1.502685332,-2.9629238,-1.773646212,-1.887578856,-4.4695,antagonism
LAPATINIB,IMIQUIMOD,208908,57469,BRD-K19687926,BRD-K26657438,3.138510022,3.157135568,0.156172282,-0.148916912,2.5315,NA
LAPATINIB,METHOXSALEN,208908,4114,BRD-K19687926,BRD-K63430059,-0.428324541,-2.135242526,-3.847708208,-3.052188228,-2.4075,antagonism
LAPATINIB,MITOTANE,208908,4211,BRD-K19687926,BRD-A31204924,1.090149271,0.329209438,-3.051141287,-2.889906228,-1.153,NA
LAPATINIB,MK-2206,208908,24964624,BRD-K19687926,BRD-K68065987,5.612916981,6.350250439,9.724544458,10.97515877,36.6513125,synergy
LAPATINIB,MK-5108,208908,24748204,BRD-K19687926,BRD-K53665955,4.294890908,8.625522974,4.243698666,9.397807197,37.444875,synergy
LAPATINIB,PD325901,208908,9826528,BRD-K19687926,BRD-K49865102,6.162822665,6.010322194,6.847425966,10.70503349,10.724625,synergy
LAPATINIB,PROCARBAZINE HYDROCHLORIDE,208908,9703,BRD-K19687926,BRD-K13032584,1.377664423,1.24336518,-2.69293479,-2.668843713,-2.1415,NA
LAPATINIB,THALIDOMIDE,208908,5426,BRD-K19687926,BRD-A93255169,0.22419002,0.367224185,-2.847825056,-2.247776147,0.7925,NA
LAPATINIB,TOPOTECAN HYDROCHLORIDE,208908,60699,BRD-K19687926,BRD-K55696337,-3.808665189,-6.009891483,-41.61835024,-4.961060444,-5.61,antagonism
LENALIDOMIDE,5-FLUORO-2'-DEOXYURIDINE,216326,3363,BRD-A17883755,BRD-A80638690,2.464237731,2.20419137,-21.25075407,4.844834964,-2.342,NA
LENALIDOMIDE,5-FU,216326,3385,BRD-A17883755,BRD-K24844714,5.103891555,-1.978715231,-10.93009818,0.221333,-2.9485,NA
LENALIDOMIDE,ALLOPURINOL,216326,2094,BRD-A17883755,BRD-K86307448,4.224425965,6.988187031,5.29658317,4.343115452,8.926,synergy
LENALIDOMIDE,ALTRETAMINE,216326,2123,BRD-A17883755,BRD-K67043667,39.12116114,43.03954755,38.35347609,37.17411521,72.631,synergy
LENALIDOMIDE,ANASTROZOLE,216326,2187,BRD-A17883755,BRD-K52172416,5.659385475,2.431954045,2.35661177,1.186781881,0.929,synergy
LENALIDOMIDE,BORTEZOMIB,216326,387447,BRD-A17883755,BRD-K88510285,4.2229907,-0.379045193,-0.716539914,-1.533908606,0.5705,NA
LENALIDOMIDE,BUSULFAN,216326,2478,BRD-A17883755,BRD-K23204545,0.344087591,8.828033201,7.146718262,6.368649328,13.035,synergy
LENALIDOMIDE,CELECOXIB,216326,2662,BRD-A17883755,BRD-K02637541,0.735967309,3.297420477,-2.553927212,2.859671007,8.0825,NA
LENALIDOMIDE,CHEMBL277800,216326,354624,BRD-A17883755,BRD-A82371568,2.686601168,6.147364844,-20.31370014,5.16987155,25.4365,NA
LENALIDOMIDE,CHLORAMBUCIL,216326,2708,BRD-A17883755,BRD-K29458283,40.42107606,35.64281317,28.3654334,37.13657718,53.6645,synergy
LENALIDOMIDE,DASATINIB,216326,3062316,BRD-A17883755,BRD-K49328571,-3.217796488,2.327124765,-18.98102611,3.985591742,0.4225,NA
LENALIDOMIDE,DEXRAZOXANE,216326,71384,BRD-A17883755,BRD-K07265709,-3.377409392,0.38209773,-1.452015765,3.501062211,11.861,NA
LENALIDOMIDE,ERLOTINIB HYDROCHLORIDE,216326,176871,BRD-A17883755,BRD-K70401845,2.062951304,5.22075011,3.731171491,2.561337437,8.5915,synergy
LENALIDOMIDE,EXEMESTANE,216326,60198,BRD-A17883755,BRD-K33425534,-1.097395284,-3.840509188,-38.35847781,-2.213838662,-27.617,antagonism
LENALIDOMIDE,GEFITINIB,216326,123631,BRD-A17883755,BRD-K64052750,15.33720996,13.19726979,6.175430228,15.93799384,32.965,synergy
LENALIDOMIDE,IFOSFAMIDE,216326,3690,BRD-A17883755,BRD-A67097164,0.902831871,4.664765931,4.869844333,3.668892992,5.289,synergy
LENALIDOMIDE,IMIQUIMOD,216326,57469,BRD-A17883755,BRD-K26657438,0.938941284,1.774145312,0.483946904,-0.685883778,-1.1415,NA
LENALIDOMIDE,LAPATINIB,216326,208908,BRD-A17883755,BRD-K19687926,3.261701234,4.501717211,0.419838158,-0.749995896,2.1315,NA
LENALIDOMIDE,LETROZOLE,216326,3902,BRD-A17883755,BRD-K88789588,0.911825278,3.436831743,2.67806326,1.508226326,3.0805,synergy
LENALIDOMIDE,MEGESTROL ACETATE,216326,11683,BRD-A17883755,BRD-K19507340,-0.266055421,-2.294937286,-1.721638464,-2.891884785,-4.422,antagonism
LENALIDOMIDE,METHOXSALEN,216326,4114,BRD-A17883755,BRD-K63430059,3.208160254,-4.42596379,-1.935842116,-2.620773437,-5.1915,NA
LENALIDOMIDE,MITOTANE,216326,4211,BRD-A17883755,BRD-A31204924,-1.747992723,2.240075301,3.263984778,2.094004104,8.6075,NA
LENALIDOMIDE,NILOTINIB,216326,644241,BRD-A17883755,BRD-K81528515,4.146820542,4.415400385,1.048279573,-0.121551452,3.4405,NA
LENALIDOMIDE,PROCARBAZINE HYDROCHLORIDE,216326,9703,BRD-A17883755,BRD-K13032584,-0.690241416,0.907462203,-1.098459752,-2.268440319,3.3395,NA
LENALIDOMIDE,TEMOZOLOMIDE,216326,5394,BRD-A17883755,BRD-K32107296,3.758703376,5.110546599,2.008361536,0.838115215,5.309,synergy
LENALIDOMIDE,THALIDOMIDE,216326,5426,BRD-A17883755,BRD-A93255169,-1.84503486,-4.375654779,-2.725904287,-3.895773674,-2.3715,antagonism
LENALIDOMIDE,THIOTEPA,216326,5453,BRD-A17883755,BRD-K09631521,-1.103391086,3.371184283,2.100635581,3.669649328,5.831,NA
LENALIDOMIDE,TOPOTECAN HYDROCHLORIDE,216326,60699,BRD-A17883755,BRD-K55696337,-3.297180081,3.718023133,-7.171151977,3.814204883,-0.5665,NA
LENALIDOMIDE,TRETINOIN,216326,444795,BRD-A17883755,BRD-K71879491,2.490408813,3.841348186,7.909062234,8.008168297,-1.3775,synergy
LENALIDOMIDE,ZOLINZA,216326,5311,BRD-A17883755,BRD-K81418486,1.699403319,3.213604742,-7.450381701,3.028204883,0.542,NA
LETROZOLE,5-FLUORO-2'-DEOXYURIDINE,3902,3363,BRD-K88789588,BRD-A80638690,2.611348818,8.721690226,-10.03116846,-1.246805678,10.7955,NA
LETROZOLE,ALLOPURINOL,3902,2094,BRD-K88789588,BRD-K86307448,0.806584306,-1.805805109,1.743765594,-4.467804589,-1.309,NA
LETROZOLE,ANASTROZOLE,3902,2187,BRD-K88789588,BRD-K52172416,-1.889758228,-5.474850884,0.261926627,-4.347495697,-4.5945,NA
LETROZOLE,BORTEZOMIB,3902,387447,BRD-K88789588,BRD-K88510285,1.363705009,1.919670244,-38.34099935,-1.476659933,7.4845,antagonism
LETROZOLE,BUSULFAN,3902,2478,BRD-K88789588,BRD-K23204545,-1.787181671,0.740695308,-0.495971932,0.928636078,3.6025,NA
LETROZOLE,CELECOXIB,3902,2662,BRD-K88789588,BRD-K02637541,10.79916261,14.69152728,-9.736956935,-7.84999837,10.754,NA
LETROZOLE,CHEMBL277800,3902,354624,BRD-K88789588,BRD-A82371568,7.010801246,7.81873477,3.075310801,-0.277081267,5.0155,NA
LETROZOLE,DASATINIB,3902,3062316,BRD-K88789588,BRD-K49328571,-0.779044253,-6.265495909,-13.05494464,-8.15882748,-0.835,antagonism
LETROZOLE,ERLOTINIB HYDROCHLORIDE,3902,176871,BRD-K88789588,BRD-K70401845,7.115299853,1.411238804,-1.213403568,-1.402293778,2.043,NA
LETROZOLE,IFOSFAMIDE,3902,3690,BRD-K88789588,BRD-A67097164,-1.683939406,-0.555354906,1.146596228,1.187823,0.0375,NA
LETROZOLE,IMIQUIMOD,3902,57469,BRD-K88789588,BRD-K26657438,4.888501214,4.371395973,-2.506399543,-2.0633317,-0.7805,NA
LETROZOLE,LAPATINIB,3902,208908,BRD-K88789588,BRD-K19687926,2.553913882,0.569731217,-11.13482576,-10.33777702,-1.6355,NA
LETROZOLE,METHOXSALEN,3902,4114,BRD-K88789588,BRD-K63430059,1.55183082,2.65956095,1.930433034,1.562283631,5.322,synergy
LETROZOLE,MITOTANE,3902,4211,BRD-K88789588,BRD-A31204924,0.603265875,0.269739795,2.990774962,-2.929993456,1.1915,NA
LETROZOLE,NILOTINIB,3902,644241,BRD-K88789588,BRD-K81528515,3.461631962,7.692571569,4.0656848,3.097319133,7.2855,synergy
LETROZOLE,PROCARBAZINE HYDROCHLORIDE,3902,9703,BRD-K88789588,BRD-K13032584,-0.360903549,-2.533376339,-2.87612787,-3.809628433,-3.6255,antagonism
LETROZOLE,TEMOZOLOMIDE,3902,5394,BRD-K88789588,BRD-K32107296,5.288482802,7.336195097,-1.864482619,-1.9744429,8.4165,NA
LETROZOLE,THALIDOMIDE,3902,5426,BRD-K88789588,BRD-A93255169,-2.263582464,-6.757593148,-3.363406476,-7.193051253,-8.0965,antagonism
LETROZOLE,THIOTEPA,3902,5453,BRD-K88789588,BRD-K09631521,5.994925668,3.038954906,-12.99000612,-11.86666546,8.8835,NA
LETROZOLE,TOPOTECAN HYDROCHLORIDE,3902,60699,BRD-K88789588,BRD-K55696337,1.030816135,-0.193380257,-25.62970264,-0.261189944,1.5775,antagonism
LETROZOLE,TRETINOIN,3902,444795,BRD-K88789588,BRD-K71879491,-5.04421246,-8.819251747,-7.716699334,-6.95986891,-10.5405,antagonism
LETROZOLE,ZOLINZA,3902,5311,BRD-K88789588,BRD-K81418486,3.951989358,7.977096235,-8.643532876,-7.316805678,10.1245,NA
MEGESTROL ACETATE,5-FLUORO-2'-DEOXYURIDINE,11683,3363,BRD-K19507340,BRD-A80638690,1.997451945,2.846484954,-23.60253185,2.493057186,2.2045,NA
MEGESTROL ACETATE,5-FU,11683,3385,BRD-K19507340,BRD-K24844714,-9.835659351,-21.30020902,-32.74609807,-21.59466689,-38.0555,antagonism
MEGESTROL ACETATE,ALLOPURINOL,11683,2094,BRD-K19507340,BRD-K86307448,0.669161079,5.447958638,0.001812169,1.076538217,8.428,synergy
MEGESTROL ACETATE,ALTRETAMINE,11683,2123,BRD-K19507340,BRD-K67043667,35.08318858,39.61165208,31.9604801,33.41989299,54.7795,synergy
MEGESTROL ACETATE,ANASTROZOLE,11683,2187,BRD-K19507340,BRD-K52172416,0.570452732,-5.877325655,-8.235683045,-7.661810622,-6.5695,antagonism
MEGESTROL ACETATE,BORTEZOMIB,11683,387447,BRD-K19507340,BRD-K88510285,0.244284674,-2.250203392,-7.749810993,-4.895239561,-0.7865,NA
MEGESTROL ACETATE,BUSULFAN,11683,2478,BRD-K19507340,BRD-K23204545,-0.595874989,3.602013991,-1.19598388,-0.597795117,9.606,NA
MEGESTROL ACETATE,CELECOXIB,11683,2662,BRD-K19507340,BRD-K02637541,-0.136612411,1.198845255,-10.32276291,-0.911663006,5.7005,NA
MEGESTROL ACETATE,CHEMBL277800,11683,354624,BRD-K19507340,BRD-A82371568,1.670991188,2.184428951,-14.48519801,0.366281439,13.7865,NA
MEGESTROL ACETATE,CHLORAMBUCIL,11683,2708,BRD-K19507340,BRD-K29458283,5.777391716,-0.346451406,-11.23976134,-1.317165444,9.373,NA
MEGESTROL ACETATE,DASATINIB,11683,3062316,BRD-K19507340,BRD-K49328571,0.131933196,4.501961925,-14.83412938,3.383305111,8.302,NA
MEGESTROL ACETATE,ERLOTINIB HYDROCHLORIDE,11683,176871,BRD-K19507340,BRD-K70401845,1.744456933,2.274263644,-0.980311811,-0.693263619,4.5505,NA
MEGESTROL ACETATE,IFOSFAMIDE,11683,3690,BRD-K19507340,BRD-A67097164,1.945998602,4.148616349,1.245924145,2.452945875,6.519,synergy
MEGESTROL ACETATE,IMIQUIMOD,11683,57469,BRD-K19507340,BRD-K26657438,1.380935938,3.352231999,0.308486492,0.692692598,8.0815,synergy
MEGESTROL ACETATE,LAPATINIB,11683,208908,BRD-K19507340,BRD-K19687926,2.397845208,9.339232673,3.348132633,3.795337437,14.8415,synergy
MEGESTROL ACETATE,LETROZOLE,11683,3902,BRD-K19507340,BRD-K88789588,1.157489292,-0.04009139,-2.708487012,-2.743964841,2.0495,NA
MEGESTROL ACETATE,METHOXSALEN,11683,4114,BRD-K19507340,BRD-K63430059,-0.385494411,-2.6678312,-4.614284531,-3.584556092,-1.7495,antagonism
MEGESTROL ACETATE,MITOTANE,11683,4211,BRD-K19507340,BRD-A31204924,4.491161233,9.078868724,7.590578764,7.685945875,19.177,synergy
MEGESTROL ACETATE,NILOTINIB,11683,644241,BRD-K19507340,BRD-K81528515,1.880811067,4.390927463,-0.845297682,-0.398440341,9.0125,NA
MEGESTROL ACETATE,PROCARBAZINE HYDROCHLORIDE,11683,9703,BRD-K19507340,BRD-K13032584,1.563682708,1.34382229,-2.687434885,-2.323485841,1.5675,NA
MEGESTROL ACETATE,TEMOZOLOMIDE,11683,5394,BRD-K19507340,BRD-K32107296,3.138971563,9.158467787,3.424742155,4.6483375,10.4215,synergy
MEGESTROL ACETATE,THALIDOMIDE,11683,5426,BRD-K19507340,BRD-A93255169,0.583354323,-2.680464356,-3.959181988,-3.850387458,-3.0505,NA
MEGESTROL ACETATE,THIOTEPA,11683,5453,BRD-K19507340,BRD-K09631521,-1.126012816,2.826587595,-1.588846805,1.248059217,3.5685,NA
MEGESTROL ACETATE,TOPOTECAN HYDROCHLORIDE,11683,60699,BRD-K19507340,BRD-K55696337,-6.699235613,-0.337931938,-15.80686476,-1.767439955,3.155,antagonism
MEGESTROL ACETATE,TRETINOIN,11683,444795,BRD-K19507340,BRD-K71879491,5.066054299,4.337084082,3.680284457,3.779390519,-3.2535,synergy
MEGESTROL ACETATE,ZOLINZA,11683,5311,BRD-K19507340,BRD-K81418486,-3.093874707,3.763551331,-11.32426146,2.098448934,7.205,NA
METFORMIN,ABT-888,4091,11960529,BRD-K79602928,BRD-K87142802,3.077431034,2.967554264,-1.702552212,-1.188555893,7.870375,NA
METFORMIN,AZD1775,4091,24856436,BRD-K79602928,BRD-K54256913,4.538958146,7.192186587,-15.04551024,6.591348113,20.688375,NA
METFORMIN,BEZ-235,4091,11977753,BRD-K79602928,BRD-K12184916,8.567629247,8.325256074,-11.99062473,8.429489595,15.783125,NA
METFORMIN,BORTEZOMIB,4091,387447,BRD-K79602928,BRD-K88510285,-0.3161512,-0.499656394,-8.210705663,-1.0990433,-12.08475,antagonism
METFORMIN,DASATINIB,4091,3062316,BRD-K79602928,BRD-K49328571,3.727896918,4.060676603,-22.48284427,4.217287094,2.821875,NA
METFORMIN,DINACICLIB,4091,46926350,BRD-K79602928,BRD-K13662825,2.302914525,2.202500789,-23.65153148,0.346865006,2.303625,NA
METFORMIN,LAPATINIB,4091,208908,BRD-K79602928,BRD-K19687926,2.902568002,3.402492866,-11.91621133,3.021159335,29.98375,NA
METFORMIN,MK-2206,4091,24964624,BRD-K79602928,BRD-K68065987,0.849045199,1.707502356,-22.88448978,1.899046283,13.104,NA
METFORMIN,MK-5108,4091,24748204,BRD-K79602928,BRD-K53665955,-2.051582552,4.625829259,-5.143641739,3.026365696,9.01575,NA
METFORMIN,PD325901,4091,9826528,BRD-K79602928,BRD-K49865102,-2.347114277,-5.48269352,-41.23137949,-5.363867281,-10.05325,antagonism
METFORMIN,TEMOZOLOMIDE,4091,5394,BRD-K79602928,BRD-K32107296,3.419341205,2.531682765,-4.736155925,-1.489933974,5.61275,NA
METFORMIN,ZOLINZA,4091,5311,BRD-K79602928,BRD-K81418486,2.370092643,3.251940527,-22.79404315,3.090750533,23.6215,NA
METHOXSALEN,ERLOTINIB HYDROCHLORIDE,4114,176871,BRD-K63430059,BRD-K70401845,0.52794521,2.110272515,-3.387686508,-1.152410687,-4.1985,NA
METHOXSALEN,IFOSFAMIDE,4114,3690,BRD-K63430059,BRD-A67097164,-3.164614967,3.452901761,-44.26142739,1.144224722,14.274,antagonism
METHOXSALEN,IMIQUIMOD,4114,57469,BRD-K63430059,BRD-K26657438,-6.256788225,-11.19176016,-2.372201005,-6.775773674,-15.7595,antagonism
METHOXSALEN,TOPOTECAN HYDROCHLORIDE,4114,60699,BRD-K63430059,BRD-K55696337,-13.49608282,-31.15188055,-56.32179503,-30.68328874,-23.395,antagonism
MITOTANE,ALLOPURINOL,4211,2094,BRD-A31204924,BRD-K86307448,0.441633518,5.009656123,2.930222694,3.32104806,6.5855,synergy
MITOTANE,ANASTROZOLE,4211,2187,BRD-A31204924,BRD-K52172416,2.297454872,8.969117688,6.453610896,4.94340233,10.266,synergy
MITOTANE,BORTEZOMIB,4211,387447,BRD-A31204924,BRD-K88510285,0.237601368,-4.738810924,-41.41105209,-5.043472344,20.221,antagonism
MITOTANE,BUSULFAN,4211,2478,BRD-A31204924,BRD-K23204545,-2.6918379,0.355436579,-2.915181747,-0.310128687,2.654,NA
MITOTANE,ERLOTINIB HYDROCHLORIDE,4211,176871,BRD-A31204924,BRD-K70401845,0.50486374,3.118945685,-0.572531206,-0.029942156,0.236,NA
MITOTANE,IFOSFAMIDE,4211,3690,BRD-A31204924,BRD-A67097164,7.936128705,10.79240204,-0.303583564,0.325527489,13.3245,NA
MITOTANE,IMIQUIMOD,4211,57469,BRD-A31204924,BRD-K26657438,-1.953080147,-5.533416845,-7.346051508,-5.828232776,-0.1545,antagonism
MITOTANE,METHOXSALEN,4211,4114,BRD-A31204924,BRD-K63430059,-1.772643582,2.289682123,1.06282891,1.790858221,2.736,NA
MITOTANE,PROCARBAZINE HYDROCHLORIDE,4211,9703,BRD-A31204924,BRD-K13032584,-3.173595255,-3.735534472,-3.472223126,-3.30132923,-4.0295,antagonism
MITOTANE,THALIDOMIDE,4211,5426,BRD-A31204924,BRD-A93255169,1.284077624,2.671741958,2.304477618,1.408817176,2.9985,synergy
MITOTANE,TOPOTECAN HYDROCHLORIDE,4211,60699,BRD-A31204924,BRD-K55696337,2.837847012,4.667894221,-42.8502291,0.561112741,13.464,antagonism
MK-2206,ABT-888,24964624,11960529,BRD-K68065987,BRD-K87142802,5.394901424,5.803304119,-14.15981864,2.582462107,16.395375,NA
MK-2206,BEZ-235,24964624,11977753,BRD-K68065987,BRD-K12184916,6.334868502,5.720274645,13.01405858,14.99025422,7.105,synergy
MK-2206,BORTEZOMIB,24964624,387447,BRD-K68065987,BRD-K88510285,-2.431970866,-2.770720158,-4.515277201,-1.822844804,-23.11525,antagonism
MK-2206,DASATINIB,24964624,3062316,BRD-K68065987,BRD-K49328571,14.66604552,14.35659893,23.78281669,25.16607813,10.665375,synergy
MK-2206,DINACICLIB,24964624,46926350,BRD-K68065987,BRD-K13662825,3.393664698,3.616921275,3.205645828,5.392045405,1.190625,synergy
MK-2206,PD325901,24964624,9826528,BRD-K68065987,BRD-K49865102,3.061545216,2.09485131,3.546501222,10.24828674,-7.358125,synergy
MK-5108,ABT-888,24748204,11960529,BRD-K53665955,BRD-K87142802,2.830616151,9.442716033,-9.414931647,5.529285426,10.057625,NA
MK-5108,BEZ-235,24748204,11977753,BRD-K53665955,BRD-K12184916,8.530205146,8.669453781,-5.20111836,11.54655844,14.32975,synergy
MK-5108,BORTEZOMIB,24748204,387447,BRD-K53665955,BRD-K88510285,-0.435089957,1.053909386,-16.49261108,0.671688384,-9.567,NA
MK-5108,DASATINIB,24748204,3062316,BRD-K53665955,BRD-K49328571,6.527564119,7.406639355,1.111856903,10.80211522,3.420875,synergy
MK-5108,DINACICLIB,24748204,46926350,BRD-K53665955,BRD-K13662825,2.620339505,3.574512753,-24.62588418,2.64626685,2.607,NA
MK-5108,MK-2206,24748204,24964624,BRD-K53665955,BRD-K68065987,3.30701102,6.463224198,5.13309261,9.690211441,15.2515,synergy
MK-5108,PD325901,24748204,9826528,BRD-K53665955,BRD-K49865102,-2.067724489,-1.849936106,-24.02871862,0.719439595,-9.7095,antagonism
NILOTINIB,ALLOPURINOL,644241,2094,BRD-K81528515,BRD-K86307448,0.18215307,0.859056764,-3.044344529,-0.757171068,1.6485,NA
NILOTINIB,BORTEZOMIB,644241,387447,BRD-K81528515,BRD-K88510285,0.451661709,-2.163991036,-49.73662263,-4.78661644,-10.0495,antagonism
NILOTINIB,BUSULFAN,644241,2478,BRD-K81528515,BRD-K23204545,-1.693965893,0.784088637,-1.373745138,2.034291936,3.0815,NA
NILOTINIB,CHEMBL277800,644241,354624,BRD-K81528515,BRD-A82371568,7.010828342,7.81873477,3.116572297,-0.277081267,5.0155,NA
NILOTINIB,DASATINIB,644241,3062316,BRD-K81528515,BRD-K49328571,0.575643189,-4.548300944,-14.82375992,-6.541049156,-0.286,antagonism
NILOTINIB,ERLOTINIB HYDROCHLORIDE,644241,176871,BRD-K81528515,BRD-K70401845,0.949349065,2.236858568,1.998067126,-1.177081611,3.0215,NA
NILOTINIB,IFOSFAMIDE,644241,3690,BRD-K81528515,BRD-A67097164,-3.583470247,-0.622931229,-2.451959674,1.636448833,-0.4545,NA
NILOTINIB,IMIQUIMOD,644241,57469,BRD-K81528515,BRD-K26657438,4.914200467,6.4727181,-4.33354422,-3.7977767,4.877,NA
NILOTINIB,LAPATINIB,644241,208908,BRD-K81528515,BRD-K19687926,0.763212482,-7.336532262,-12.44103365,-11.88007197,-8.927,antagonism
NILOTINIB,METHOXSALEN,644241,4114,BRD-K81528515,BRD-K63430059,-0.269307988,-1.934853859,-1.49726221,-3.27669469,1.326,antagonism
NILOTINIB,PROCARBAZINE HYDROCHLORIDE,644241,9703,BRD-K81528515,BRD-K13032584,4.360279919,3.332723925,-6.1443231,-5.8255541,9.133,NA
NILOTINIB,THALIDOMIDE,644241,5426,BRD-K81528515,BRD-A93255169,1.792442785,2.592838508,-0.980574413,-2.2989166,1.3825,NA
NILOTINIB,TOPOTECAN HYDROCHLORIDE,644241,60699,BRD-K81528515,BRD-K55696337,-8.163313896,-5.395166272,-25.1331282,-5.8690814,-7.058,antagonism
NILOTINIB,ZOLINZA,644241,5311,BRD-K81528515,BRD-K81418486,13.37569985,13.19222524,-15.11432827,-7.027775389,13.5555,NA
PAZOPANIB HYDROCHLORIDE,5-FLUORO-2'-DEOXYURIDINE,11525740,3363,BRD-K74514084,BRD-A80638690,-1.339363314,-3.521659232,-27.89183498,-5.026609481,-4.6535,antagonism
PAZOPANIB HYDROCHLORIDE,5-FU,11525740,3385,BRD-K74514084,BRD-K24844714,1.078818378,-2.206931229,-10.54174596,-3.460778333,-9.8365,NA
PAZOPANIB HYDROCHLORIDE,ALLOPURINOL,11525740,2094,BRD-K74514084,BRD-K86307448,1.600300511,0.625150894,-4.923171745,-4.477906228,7.0035,NA
PAZOPANIB HYDROCHLORIDE,ALTRETAMINE,11525740,2123,BRD-K74514084,BRD-K67043667,4.231070904,0.708713193,-6.274816231,-5.608551452,-3.783,NA
PAZOPANIB HYDROCHLORIDE,ANASTROZOLE,11525740,2187,BRD-K74514084,BRD-K52172416,1.541094231,2.329651269,-1.380905604,-0.370855365,2.714,NA
PAZOPANIB HYDROCHLORIDE,BORTEZOMIB,11525740,387447,BRD-K74514084,BRD-K88510285,1.16001187,4.317487039,-3.445095469,0.733686535,7.3985,NA
PAZOPANIB HYDROCHLORIDE,BUSULFAN,11525740,2478,BRD-K74514084,BRD-K23204545,0.039210182,-1.645505822,-6.959878452,-6.514684006,10.9475,NA
PAZOPANIB HYDROCHLORIDE,CELECOXIB,11525740,2662,BRD-K74514084,BRD-K02637541,4.508748015,8.515811922,0.410556918,5.389513504,24.3275,synergy
PAZOPANIB HYDROCHLORIDE,CHEMBL277800,11525740,354624,BRD-K74514084,BRD-A82371568,-1.343399391,-1.530865543,-31.84574654,-4.043208718,12.1745,antagonism
PAZOPANIB HYDROCHLORIDE,CHLORAMBUCIL,11525740,2708,BRD-K74514084,BRD-K29458283,-5.614123501,-0.228756439,-7.941713462,-2.540720999,-10.004,antagonism
PAZOPANIB HYDROCHLORIDE,DASATINIB,11525740,3062316,BRD-K74514084,BRD-K49328571,2.139695564,7.601148691,-37.58502392,5.169779408,18.27,antagonism
PAZOPANIB HYDROCHLORIDE,DEXRAZOXANE,11525740,71384,BRD-K74514084,BRD-K07265709,4.170795498,6.59068684,1.876038598,4.498446075,19.247,synergy
PAZOPANIB HYDROCHLORIDE,ERLOTINIB HYDROCHLORIDE,11525740,176871,BRD-K74514084,BRD-K70401845,2.087842497,2.851501746,-0.679038453,-0.713035687,5.293,NA
PAZOPANIB HYDROCHLORIDE,EXEMESTANE,11525740,60198,BRD-K74514084,BRD-K33425534,1.058785984,-0.611583632,-27.57803034,-2.466609481,-9.0015,antagonism
PAZOPANIB HYDROCHLORIDE,GEFITINIB,11525740,123631,BRD-K74514084,BRD-K64052750,12.32795477,12.45440327,0.008604561,10.31622385,13.685,synergy
PAZOPANIB HYDROCHLORIDE,IFOSFAMIDE,11525740,3690,BRD-K74514084,BRD-A67097164,1.37649697,2.590147757,-0.432285151,-0.103387259,5.7405,NA
PAZOPANIB HYDROCHLORIDE,IMIQUIMOD,11525740,57469,BRD-K74514084,BRD-K26657438,2.337893009,-4.927574073,-8.243371581,-8.214960667,-1.27,NA
PAZOPANIB HYDROCHLORIDE,LAPATINIB,11525740,208908,BRD-K74514084,BRD-K19687926,3.148337525,6.84993951,0.527405992,1.136646949,19.839,synergy
PAZOPANIB HYDROCHLORIDE,LENALIDOMIDE,11525740,216326,BRD-K74514084,BRD-A17883755,-0.517550036,-5.265322807,-6.636605661,-7.806331822,-9.3635,antagonism
PAZOPANIB HYDROCHLORIDE,LETROZOLE,11525740,3902,BRD-K74514084,BRD-K88789588,2.395229678,3.066842601,0.323405992,-0.448522364,6.217,NA
PAZOPANIB HYDROCHLORIDE,MEGESTROL ACETATE,11525740,11683,BRD-K74514084,BRD-K19507340,8.434838294,9.580269641,5.904176757,6.790986141,17.3535,synergy
PAZOPANIB HYDROCHLORIDE,METHOXSALEN,11525740,4114,BRD-K74514084,BRD-K63430059,1.03884463,-5.004317059,-8.362016909,-7.614331703,-6.74,NA
PAZOPANIB HYDROCHLORIDE,MITOTANE,11525740,4211,BRD-K74514084,BRD-A31204924,2.747190055,8.725438726,5.834198574,6.055668297,12.8895,synergy
PAZOPANIB HYDROCHLORIDE,NILOTINIB,11525740,644241,BRD-K74514084,BRD-K81528515,2.85590266,3.711006866,-1.841705119,-1.384538066,10.351,NA
PAZOPANIB HYDROCHLORIDE,PROCARBAZINE HYDROCHLORIDE,11525740,9703,BRD-K74514084,BRD-K13032584,2.189180306,-2.020555594,-6.648296407,-6.215258711,-0.6785,NA
PAZOPANIB HYDROCHLORIDE,TEMOZOLOMIDE,11525740,5394,BRD-K74514084,BRD-K32107296,3.33035619,-2.697112633,-7.964927342,-7.42048251,-1.4055,NA
PAZOPANIB HYDROCHLORIDE,THALIDOMIDE,11525740,5426,BRD-K74514084,BRD-A93255169,1.438661619,1.484156279,-0.928989096,-1.168109481,-0.1495,NA
PAZOPANIB HYDROCHLORIDE,THIOTEPA,11525740,5453,BRD-K74514084,BRD-K09631521,-1.053001053,-1.290724614,-7.593721175,-4.046290299,7.807,antagonism
PAZOPANIB HYDROCHLORIDE,TOPOTECAN HYDROCHLORIDE,11525740,60699,BRD-K74514084,BRD-K55696337,-6.035342235,1.530762086,-29.53958119,-0.962622804,-0.004,antagonism
PAZOPANIB HYDROCHLORIDE,TRETINOIN,11525740,444795,BRD-K74514084,BRD-K71879491,-2.586691449,3.60935842,1.148367435,1.234612741,-0.508,NA
PAZOPANIB HYDROCHLORIDE,ZOLINZA,11525740,5311,BRD-K74514084,BRD-K81418486,0.223128445,5.409706961,-9.339836217,2.741430585,5.5225,NA
PD325901,ABT-888,9826528,11960529,BRD-K49865102,BRD-K87142802,0.643179027,-1.581757386,-38.36865717,-3.396575393,-4.899125,antagonism
PD325901,BEZ-235,9826528,11977753,BRD-K49865102,BRD-K12184916,2.992067887,2.479970235,6.983166783,12.26934839,-17.02,synergy
PD325901,BORTEZOMIB,9826528,387447,BRD-K49865102,BRD-K88510285,-1.166630932,-3.036018753,-5.03163632,-2.109785429,-39.63525,antagonism
PD325901,DASATINIB,9826528,3062316,BRD-K49865102,BRD-K49328571,5.306976074,4.948403586,10.17813797,16.71658959,-19.77325,synergy
PD325901,DINACICLIB,9826528,46926350,BRD-K49865102,BRD-K13662825,-1.089787519,-2.288419871,-1.587528986,1.79881428,-29.758125,NA
PROCARBAZINE HYDROCHLORIDE,ERLOTINIB HYDROCHLORIDE,9703,176871,BRD-K13032584,BRD-K70401845,0.141952363,2.879288847,1.278075961,-0.012750445,2.732,NA
PROCARBAZINE HYDROCHLORIDE,IFOSFAMIDE,9703,3690,BRD-K13032584,BRD-A67097164,-0.578931821,1.942006479,0.642901107,-0.712440244,2.331,NA
PROCARBAZINE HYDROCHLORIDE,IMIQUIMOD,9703,57469,BRD-K13032584,BRD-K26657438,1.247827151,-5.366273627,1.979397189,-1.114405101,-4.1665,NA
PROCARBAZINE HYDROCHLORIDE,METHOXSALEN,9703,4114,BRD-K13032584,BRD-K63430059,5.216578524,10.35714743,1.574267243,1.976583778,6.5085,synergy
PROCARBAZINE HYDROCHLORIDE,TOPOTECAN HYDROCHLORIDE,9703,60699,BRD-K13032584,BRD-K55696337,-9.897030386,-27.74076079,-61.77776484,-33.17222059,-14.4995,antagonism
RUXOLITINIB,5-FLUORO-2'-DEOXYURIDINE,25126798,3363,BRD-K53972329,BRD-A80638690,-0.719748528,-4.606388226,-30.37461276,-7.509387259,-5.3595,antagonism
RUXOLITINIB,5-FU,25126798,3385,BRD-K53972329,BRD-K24844714,4.020619184,-2.959037856,-12.45863485,-5.377667222,-12.724,NA
RUXOLITINIB,ALLOPURINOL,25126798,2094,BRD-K53972329,BRD-K86307448,3.207896231,-1.481133858,-8.477954635,-7.649392879,6.02,NA
RUXOLITINIB,ALTRETAMINE,25126798,2123,BRD-K53972329,BRD-K67043667,5.387796443,-0.640689885,-8.422676517,-7.691651144,4.2985,NA
RUXOLITINIB,ANASTROZOLE,25126798,2187,BRD-K53972329,BRD-K52172416,3.099425421,-0.297890007,-6.517127826,-5.507077587,1.3045,NA
RUXOLITINIB,BORTEZOMIB,25126798,387447,BRD-K53972329,BRD-K88510285,2.740998638,-0.086385454,-9.654356722,-5.593716369,4.5615,NA
RUXOLITINIB,BUSULFAN,25126798,2478,BRD-K53972329,BRD-K23204545,1.552461026,-4.541388903,-11.26994657,-10.49000399,2.5545,antagonism
RUXOLITINIB,CELECOXIB,25126798,2662,BRD-K53972329,BRD-K02637541,3.165560424,1.284397753,-9.301331971,-4.03306591,3.243,NA
RUXOLITINIB,CHEMBL277800,25126798,354624,BRD-K53972329,BRD-A82371568,3.401103612,-1.530672323,-33.86530209,-5.83356591,30.9125,antagonism
RUXOLITINIB,CHLORAMBUCIL,25126798,2708,BRD-K53972329,BRD-K29458283,-2.061245468,-0.420453045,-10.27482457,-4.867024802,-13.027,antagonism
RUXOLITINIB,DASATINIB,25126798,3062316,BRD-K53972329,BRD-K49328571,-1.93408992,-1.133078909,-48.57791281,-5.823109481,6.157,antagonism
RUXOLITINIB,DEXRAZOXANE,25126798,71384,BRD-K53972329,BRD-K07265709,7.021630736,6.06019789,-0.598072513,2.024334964,23.157,NA
RUXOLITINIB,ERLOTINIB HYDROCHLORIDE,25126798,176871,BRD-K53972329,BRD-K70401845,4.611668149,-0.254855343,-6.237666361,-5.824938592,0.221,NA
RUXOLITINIB,EXEMESTANE,25126798,60198,BRD-K53972329,BRD-K33425534,2.438412278,-0.694104024,-29.38380812,-4.272387259,-13.63,antagonism
RUXOLITINIB,GEFITINIB,25126798,123631,BRD-K53972329,BRD-K64052750,9.370766608,6.772812016,-7.659284328,2.648334964,28.51,NA
RUXOLITINIB,IFOSFAMIDE,25126798,3690,BRD-K53972329,BRD-A67097164,4.136623507,3.797463413,-1.72717404,-1.398276147,8.4205,NA
RUXOLITINIB,IMIQUIMOD,25126798,57469,BRD-K53972329,BRD-K26657438,3.99006527,-5.963777322,-9.312321657,-11.40462716,-4.791,antagonism
RUXOLITINIB,LAPATINIB,25126798,208908,BRD-K53972329,BRD-K19687926,4.849489243,-0.969184805,-8.398299786,-7.540093422,-0.405,NA
RUXOLITINIB,LENALIDOMIDE,25126798,216326,BRD-K53972329,BRD-A17883755,1.074954351,-4.500810636,-8.232606361,-9.402332522,-5.522,antagonism
RUXOLITINIB,LETROZOLE,25126798,3902,BRD-K53972329,BRD-K88789588,4.279557417,3.296944735,-0.666707628,-2.25956591,5.218,NA
RUXOLITINIB,MEGESTROL ACETATE,25126798,11683,BRD-K53972329,BRD-K19507340,2.760543421,0.904444064,-5.263489909,-4.269776147,3.3185,NA
RUXOLITINIB,METHOXSALEN,25126798,4114,BRD-K53972329,BRD-K63430059,8.110887009,0.445410946,-5.336905798,-4.589220592,-0.349,NA
RUXOLITINIB,MITOTANE,25126798,4211,BRD-K53972329,BRD-A31204924,2.577869017,8.350566759,2.979198574,3.200668297,12.0775,synergy
RUXOLITINIB,NILOTINIB,25126798,644241,BRD-K53972329,BRD-K81528515,4.981343831,3.56042529,-3.459214451,-2.8162067,5.977,NA
RUXOLITINIB,PROCARBAZINE HYDROCHLORIDE,25126798,9703,BRD-K53972329,BRD-K13032584,12.47899934,11.73661702,5.058010467,5.880783622,18.66,synergy
RUXOLITINIB,TEMOZOLOMIDE,25126798,5394,BRD-K53972329,BRD-K32107296,5.042502272,-4.122454924,-9.060752175,-10.23602802,1.145,NA
RUXOLITINIB,THALIDOMIDE,25126798,5426,BRD-K53972329,BRD-A93255169,3.044383307,2.151467501,-2.725544652,-2.964665036,2.6665,NA
RUXOLITINIB,THIOTEPA,25126798,5453,BRD-K53972329,BRD-K09631521,6.367487386,-3.014017792,-11.70461006,-8.011288132,5.3735,NA
RUXOLITINIB,TOPOTECAN HYDROCHLORIDE,25126798,60699,BRD-K53972329,BRD-K55696337,-4.86725453,2.388141979,-30.83413674,-2.115537718,-3.055,antagonism
RUXOLITINIB,TRETINOIN,25126798,444795,BRD-K53972329,BRD-K71879491,-2.816350637,0.01430715,-4.652743676,-4.56649837,-1.4615,NA
RUXOLITINIB,ZOLINZA,25126798,5311,BRD-K53972329,BRD-K81418486,-1.441783595,2.8554949,-14.20194733,-1.974093274,0.2695,NA
TEMOZOLOMIDE,ABT-888,5394,11960529,BRD-K32107296,BRD-K87142802,12.269632,14.46234108,11.23088692,9.449562677,7.6515,synergy
TEMOZOLOMIDE,ALLOPURINOL,5394,2094,BRD-K32107296,BRD-K86307448,0.672490523,-0.058467448,-2.130350141,-1.956549156,-0.124,NA
TEMOZOLOMIDE,ANASTROZOLE,5394,2187,BRD-K32107296,BRD-K52172416,1.029233688,-0.309037373,-1.7269152,-4.168135705,1.4775,NA
TEMOZOLOMIDE,AZD1775,5394,24856436,BRD-K32107296,BRD-K54256913,10.01479162,12.10232833,-59.65947288,9.337333969,28.417,antagonism
TEMOZOLOMIDE,BEZ-235,5394,11977753,BRD-K32107296,BRD-K12184916,10.18936505,9.941384975,-28.19044276,7.416749844,14.725125,NA
TEMOZOLOMIDE,BORTEZOMIB,5394,387447,BRD-K32107296,BRD-K88510285,1.55973524,-0.305026196,-50.40388545,-1.974406261,-2.5025,antagonism
TEMOZOLOMIDE,BUSULFAN,5394,2478,BRD-K32107296,BRD-K23204545,-1.026095836,-2.631065923,-0.647952156,-3.522217882,-2.112,antagonism
TEMOZOLOMIDE,CHEMBL277800,5394,354624,BRD-K32107296,BRD-A82371568,7.010985737,7.818733057,2.819041363,-0.277081611,5.0175,NA
TEMOZOLOMIDE,DASATINIB,5394,3062316,BRD-K32107296,BRD-K49328571,0.231014766,-2.334850887,-29.88280996,-5.233402727,-3.7517,antagonism
TEMOZOLOMIDE,DINACICLIB,5394,46926350,BRD-K32107296,BRD-K13662825,3.699868384,3.822846967,-45.20782921,0.686621239,0.981875,antagonism
TEMOZOLOMIDE,ERLOTINIB HYDROCHLORIDE,5394,176871,BRD-K32107296,BRD-K70401845,2.648406721,1.917005346,-4.015976551,-2.886605356,2.8565,NA
TEMOZOLOMIDE,IFOSFAMIDE,5394,3690,BRD-K32107296,BRD-A67097164,2.748873606,0.269832526,-6.311041165,-5.001393378,1.824,NA
TEMOZOLOMIDE,IMIQUIMOD,5394,57469,BRD-K32107296,BRD-K26657438,-0.639603309,-4.376244629,-8.607872906,-5.585696856,-4.2435,antagonism
TEMOZOLOMIDE,LAPATINIB,5394,208908,BRD-K32107296,BRD-K19687926,5.631935293,7.444335895,-50.01188966,3.759239437,19.2994,antagonism
TEMOZOLOMIDE,METHOXSALEN,5394,4114,BRD-K32107296,BRD-K63430059,-0.734231785,0.292340321,-3.377201728,-1.465207701,-1.344,NA
TEMOZOLOMIDE,MITOTANE,5394,4211,BRD-K32107296,BRD-A31204924,1.340597426,0.345330464,-4.290038121,-4.536408511,0.2465,NA
TEMOZOLOMIDE,MK-2206,5394,24964624,BRD-K32107296,BRD-K68065987,4.595184228,4.310784002,-32.03840701,1.303763969,16.597625,antagonism
TEMOZOLOMIDE,MK-5108,5394,24748204,BRD-K32107296,BRD-K53665955,0.412771889,6.211501104,-13.97632785,2.285032631,5.191625,NA
TEMOZOLOMIDE,NILOTINIB,5394,644241,BRD-K32107296,BRD-K81528515,3.46163201,7.692571708,4.025478257,3.097319262,7.283,synergy
TEMOZOLOMIDE,PD325901,5394,9826528,BRD-K32107296,BRD-K49865102,-0.237232021,-3.312968306,-40.78471125,-5.007304781,-8.9265,antagonism
TEMOZOLOMIDE,PROCARBAZINE HYDROCHLORIDE,5394,9703,BRD-K32107296,BRD-K13032584,0.839945425,1.448058271,-2.45079383,-1.198698021,-0.322,NA
TEMOZOLOMIDE,THALIDOMIDE,5394,5426,BRD-K32107296,BRD-A93255169,-0.622870222,-2.439696147,-3.702220731,-2.415900844,-4.7715,antagonism
TEMOZOLOMIDE,TOPOTECAN HYDROCHLORIDE,5394,60699,BRD-K32107296,BRD-K55696337,1.337383175,1.506403698,-33.09292417,1.437784433,22.1125,antagonism
THALIDOMIDE,ERLOTINIB HYDROCHLORIDE,5426,176871,BRD-A93255169,BRD-K70401845,6.451685842,8.36520263,3.699842695,2.957936233,8.2965,synergy
THALIDOMIDE,IFOSFAMIDE,5426,3690,BRD-A93255169,BRD-A67097164,-3.044377949,3.101407697,-5.801176177,0.505337437,2.002,NA
THALIDOMIDE,IMIQUIMOD,5426,57469,BRD-A93255169,BRD-K26657438,-3.132137378,-6.625234696,0.589740086,-1.968148222,-6.592,NA
THALIDOMIDE,METHOXSALEN,5426,4114,BRD-A93255169,BRD-K63430059,3.124803981,4.66830734,-0.075550157,-1.426884785,3.3295,NA
THALIDOMIDE,PROCARBAZINE HYDROCHLORIDE,5426,9703,BRD-A93255169,BRD-K13032584,2.176623282,3.575714878,1.058859314,-0.993377564,4.62,NA
THALIDOMIDE,TOPOTECAN HYDROCHLORIDE,5426,60699,BRD-A93255169,BRD-K55696337,-13.70990436,-32.03796358,-59.69665373,-31.46662147,-24.0015,antagonism
THIOTEPA,5-FLUORO-2'-DEOXYURIDINE,5453,3363,BRD-K09631521,BRD-A80638690,-3.658784315,6.265846401,-9.447029259,4.078764,4.21,NA
THIOTEPA,ALLOPURINOL,5453,2094,BRD-K09631521,BRD-K86307448,-0.99742728,1.928319548,0.354598476,-0.097194244,5.193,NA
THIOTEPA,ANASTROZOLE,5453,2187,BRD-K09631521,BRD-K52172416,-3.352748605,1.890401268,4.975383418,3.963938556,6.4745,NA
THIOTEPA,BORTEZOMIB,5453,387447,BRD-K09631521,BRD-K88510285,6.500293761,4.085821385,-22.32478023,1.962080667,9.1665,NA
THIOTEPA,BUSULFAN,5453,2478,BRD-K09631521,BRD-K23204545,-2.837619488,1.736878726,0.867912953,0.958647722,-0.2275,NA
THIOTEPA,CHEMBL277800,5453,354624,BRD-K09631521,BRD-A82371568,7.010983816,7.818733057,3.005217875,-0.277081611,5.0175,NA
THIOTEPA,DASATINIB,5453,3062316,BRD-K09631521,BRD-K49328571,-2.97247071,4.907369888,-1.600357673,0.350612542,14.6965,NA
THIOTEPA,ERLOTINIB HYDROCHLORIDE,5453,176871,BRD-K09631521,BRD-K70401845,-0.907898004,0.529891356,-1.175776842,-2.154972667,2.7005,NA
THIOTEPA,IFOSFAMIDE,5453,3690,BRD-K09631521,BRD-A67097164,1.984752054,8.879635717,-3.017352101,-0.06160968,11.952,NA
THIOTEPA,IMIQUIMOD,5453,57469,BRD-K09631521,BRD-K26657438,-1.742194052,-0.77899841,-2.952827224,-1.42463291,1.124,antagonism
THIOTEPA,LAPATINIB,5453,208908,BRD-K09631521,BRD-K19687926,-4.962651621,-8.732431513,-15.44925561,-10.73938746,-5.0765,antagonism
THIOTEPA,METHOXSALEN,5453,4114,BRD-K09631521,BRD-K63430059,-2.856846115,3.666051983,1.226932059,2.937278387,8.8505,NA
THIOTEPA,MITOTANE,5453,4211,BRD-K09631521,BRD-A31204924,0.497082584,-0.078454883,-3.069967544,-2.453485556,8.231,NA
THIOTEPA,NILOTINIB,5453,644241,BRD-K09631521,BRD-K81528515,3.46163201,7.692571708,4.033950266,3.097319262,7.2865,synergy
THIOTEPA,PROCARBAZINE HYDROCHLORIDE,5453,9703,BRD-K09631521,BRD-K13032584,-0.63347331,1.967619474,-2.667214118,0.208405333,10.0395,NA
THIOTEPA,TEMOZOLOMIDE,5453,5394,BRD-K09631521,BRD-K32107296,-1.165460848,3.27477555,-6.378302617,0.864210119,1.6615,NA
THIOTEPA,THALIDOMIDE,5453,5426,BRD-K09631521,BRD-A93255169,-3.198580268,-5.5619167,-8.196723141,-5.917195807,4.8735,antagonism
THIOTEPA,TOPOTECAN HYDROCHLORIDE,5453,60699,BRD-K09631521,BRD-K55696337,3.638863007,4.006019273,-17.1546477,3.929763918,24.439,NA
THIOTEPA,TRETINOIN,5453,444795,BRD-K09631521,BRD-K71879491,-6.467152076,-6.126113988,-1.903530067,-0.082394333,-7.493,antagonism
THIOTEPA,ZOLINZA,5453,5311,BRD-K09631521,BRD-K81418486,1.367650331,10.56436831,-9.275097841,-3.837165236,16.0825,NA
TOPOTECAN HYDROCHLORIDE,BORTEZOMIB,60699,387447,BRD-K55696337,BRD-K88510285,-6.671470638,-6.058462741,-6.846072523,-3.314552667,-8.415,antagonism
TOPOTECAN HYDROCHLORIDE,ERLOTINIB HYDROCHLORIDE,60699,176871,BRD-K55696337,BRD-K70401845,2.171639403,2.999857526,-52.08955995,1.925337437,19.4815,antagonism
TRETINOIN,ALLOPURINOL,444795,2094,BRD-K71879491,BRD-K86307448,-1.063700217,1.439213702,-0.455595611,0.404226326,-1.114,NA
TRETINOIN,ANASTROZOLE,444795,2187,BRD-K71879491,BRD-K52172416,-1.663963053,-0.182632594,7.991162508,2.024228889,2.9565,NA
TRETINOIN,BORTEZOMIB,444795,387447,BRD-K71879491,BRD-K88510285,-0.176384823,-2.372263183,-43.84527658,-1.7033443,1.5975,antagonism
TRETINOIN,BUSULFAN,444795,2478,BRD-K71879491,BRD-K23204545,-2.626478208,-0.371422259,2.13071118,-0.979104711,0.3545,NA
TRETINOIN,CHEMBL277800,444795,354624,BRD-K71879491,BRD-A82371568,7.010801249,7.81873477,3.107164786,-0.277081267,5.0155,NA
TRETINOIN,DASATINIB,444795,3062316,BRD-K71879491,BRD-K49328571,-1.019405099,1.806443521,0.537808889,5.64581379,5.4065,NA
TRETINOIN,ERLOTINIB HYDROCHLORIDE,444795,176871,BRD-K71879491,BRD-K70401845,-1.238861078,3.713360366,0.837603883,2.110892992,5.9485,NA
TRETINOIN,IFOSFAMIDE,444795,3690,BRD-K71879491,BRD-A67097164,-0.081353989,8.362791291,0.406479561,4.077559659,8.677,NA
TRETINOIN,IMIQUIMOD,444795,57469,BRD-K71879491,BRD-K26657438,-4.772362373,-2.367277559,-1.007491934,-1.025773222,3.306,antagonism
TRETINOIN,LAPATINIB,444795,208908,BRD-K71879491,BRD-K19687926,-6.33491996,-4.578646066,-5.063538286,-2.303551452,-9.206,antagonism
TRETINOIN,METHOXSALEN,444795,4114,BRD-K71879491,BRD-K63430059,-5.350566735,-6.169246971,1.620233278,-3.773551452,-3.826,NA
TRETINOIN,MITOTANE,444795,4211,BRD-K71879491,BRD-A31204924,5.109213346,7.727849758,0.928803703,5.662093535,13.3025,synergy
TRETINOIN,NILOTINIB,444795,644241,BRD-K71879491,BRD-K81528515,3.461631962,7.692571569,4.09438554,3.097319133,7.2425,synergy
TRETINOIN,PROCARBAZINE HYDROCHLORIDE,444795,9703,BRD-K71879491,BRD-K13032584,0.144379791,2.479987624,1.921126438,2.896448548,-3.86,synergy
TRETINOIN,TEMOZOLOMIDE,444795,5394,BRD-K71879491,BRD-K32107296,-0.407959361,3.1684623,2.670170052,0.873114778,3.8975,NA
TRETINOIN,THALIDOMIDE,444795,5426,BRD-K71879491,BRD-A93255169,-3.099131716,-4.173058325,1.45419216,-3.415656789,-6.7605,NA
TRETINOIN,TOPOTECAN HYDROCHLORIDE,444795,60699,BRD-K71879491,BRD-K55696337,-11.19294125,-4.674715702,-3.891290343,-2.843240333,6.2855,antagonism
TRETINOIN,ZOLINZA,444795,5311,BRD-K71879491,BRD-K81418486,-1.827635885,-2.901727263,-4.144237594,-3.07239448,-9.014,antagonism
VEMURAFENIB,5-FLUORO-2'-DEOXYURIDINE,42611257,3363,BRD-K56343971,BRD-A80638690,-10.52023647,-13.21223748,-7.4195568,-5.071035776,-31.8995,antagonism
VEMURAFENIB,ALLOPURINOL,42611257,2094,BRD-K56343971,BRD-K86307448,3.75401975,5.745911007,-11.99270399,3.542760202,8.072,NA
VEMURAFENIB,ANASTROZOLE,42611257,2187,BRD-K56343971,BRD-K52172416,7.59373427,6.849545334,1.915722866,5.977226326,12.9945,synergy
VEMURAFENIB,BORTEZOMIB,42611257,387447,BRD-K56343971,BRD-K88510285,4.967765314,5.731756255,4.504776813,4.575760202,9.6675,synergy
VEMURAFENIB,BUSULFAN,42611257,2478,BRD-K56343971,BRD-K23204545,0.674285927,1.323915349,-21.28274073,0.192649091,13.9265,NA
VEMURAFENIB,CELECOXIB,42611257,2662,BRD-K56343971,BRD-K02637541,11.94160561,15.32701832,3.553148951,14.68059354,19.5205,synergy
VEMURAFENIB,CHEMBL277800,42611257,354624,BRD-K56343971,BRD-A82371568,3.838090508,4.622941876,4.924916936,6.507014159,5.5695,synergy
VEMURAFENIB,DASATINIB,42611257,3062316,BRD-K56343971,BRD-K49328571,7.689394025,8.504813591,9.883513035,11.52781153,23.0375,synergy
VEMURAFENIB,ERLOTINIB HYDROCHLORIDE,42611257,176871,BRD-K56343971,BRD-K70401845,10.44773021,9.97686258,-6.891591303,8.113781881,16.287,synergy
VEMURAFENIB,IFOSFAMIDE,42611257,3690,BRD-K56343971,BRD-A67097164,4.851660612,4.906896029,-32.91433579,4.209226326,6.854,NA
VEMURAFENIB,IMIQUIMOD,42611257,57469,BRD-K56343971,BRD-K26657438,5.476581379,5.949071361,-4.892407302,4.225671022,18.3505,NA
VEMURAFENIB,LAPATINIB,42611257,208908,BRD-K56343971,BRD-K19687926,13.66325466,14.53737151,-4.147146858,10.85822633,26.7765,synergy
VEMURAFENIB,LETROZOLE,42611257,3902,BRD-K56343971,BRD-K88789588,6.768515123,10.01255421,-8.365361056,8.619265674,13.46,NA
VEMURAFENIB,METHOXSALEN,42611257,4114,BRD-K56343971,BRD-K63430059,1.479763683,1.041254291,-7.288384412,1.729632884,6.0045,NA
VEMURAFENIB,MITOTANE,42611257,4211,BRD-K56343971,BRD-A31204924,11.21755426,12.60333588,-15.76690171,12.4387602,15.0085,synergy
VEMURAFENIB,NILOTINIB,42611257,644241,BRD-K56343971,BRD-K81528515,7.204815599,8.167415444,-5.013355543,4.989004104,14.9885,NA
VEMURAFENIB,PROCARBAZINE HYDROCHLORIDE,42611257,9703,BRD-K56343971,BRD-K13032584,8.089909715,5.838028741,-24.65512347,3.613115422,18.5115,NA
VEMURAFENIB,TEMOZOLOMIDE,42611257,5394,BRD-K56343971,BRD-K32107296,7.511979339,6.488880519,-26.69725786,3.495781881,12.516,NA
VEMURAFENIB,THALIDOMIDE,42611257,5426,BRD-K56343971,BRD-A93255169,2.86736226,5.031707024,-19.3660627,5.274833214,5.446,NA
VEMURAFENIB,THIOTEPA,42611257,5453,BRD-K56343971,BRD-K09631521,-1.811836335,-3.298541469,-12.72262884,-2.436684243,5.365,antagonism
VEMURAFENIB,TOPOTECAN HYDROCHLORIDE,42611257,60699,BRD-K56343971,BRD-K55696337,-0.773740444,2.385957031,2.547656435,4.813347492,-7.291,NA
VEMURAFENIB,TRETINOIN,42611257,444795,BRD-K56343971,BRD-K71879491,7.030721044,7.034753295,4.212408871,10.76820042,1.8395,synergy
VEMURAFENIB,ZOLINZA,42611257,5311,BRD-K56343971,BRD-K81418486,2.955326259,4.726165267,-1.934456448,6.553315757,5.1605,NA
ZOLINZA,ABT-888,5311,11960529,BRD-K81418486,BRD-K87142802,3.981642704,3.962766782,-37.9622509,1.433332982,24.66475,antagonism
ZOLINZA,ALLOPURINOL,5311,2094,BRD-K81418486,BRD-K86307448,-6.967958322,-2.533151057,-1.063292952,-2.124988874,12.4455,antagonism
ZOLINZA,AZD1775,5311,24856436,BRD-K81418486,BRD-K54256913,3.179565187,4.223022603,-0.552408647,6.927298747,20.171375,NA
ZOLINZA,BEZ-235,5311,11977753,BRD-K81418486,BRD-K12184916,3.849599925,3.779135237,6.058425381,9.712354859,5.760125,synergy
ZOLINZA,BORTEZOMIB,5311,387447,BRD-K81418486,BRD-K88510285,2.645901952,4.007358244,-4.36643123,3.745761795,-0.5341,NA
ZOLINZA,BUSULFAN,5311,2478,BRD-K81418486,BRD-K23204545,-2.526596509,4.705673613,-10.42221326,0.407277667,2.074,NA
ZOLINZA,DASATINIB,5311,3062316,BRD-K81418486,BRD-K49328571,-2.654514851,-2.370810267,0.052631083,3.389540121,-6.3255,NA
ZOLINZA,DINACICLIB,5311,46926350,BRD-K81418486,BRD-K13662825,-1.382282544,-2.183423,-5.660978435,-0.810670998,-6.605125,antagonism
ZOLINZA,ERLOTINIB HYDROCHLORIDE,5311,176871,BRD-K81418486,BRD-K70401845,-1.003105397,2.157981525,-2.926166635,-1.306083778,11.631,NA
ZOLINZA,IFOSFAMIDE,5311,3690,BRD-K81418486,BRD-A67097164,-7.436806876,-4.556977855,-3.163034765,-3.2314538,-10.8165,antagonism
ZOLINZA,IMIQUIMOD,5311,57469,BRD-K81418486,BRD-K26657438,-3.665956436,-3.66418115,-7.754797789,-6.139077354,-6.835,antagonism
ZOLINZA,LAPATINIB,5311,208908,BRD-K81418486,BRD-K19687926,4.165603228,6.336325147,3.307870213,7.913949509,30.9857,synergy
ZOLINZA,METHOXSALEN,5311,4114,BRD-K81418486,BRD-K63430059,-6.619576735,-0.095575662,-12.46719403,-0.591549902,12.6775,antagonism
ZOLINZA,MITOTANE,5311,4211,BRD-K81418486,BRD-A31204924,-6.857576045,-1.427444656,-54.77132284,-3.905773674,10.419,antagonism
ZOLINZA,MK-2206,5311,24964624,BRD-K81418486,BRD-K68065987,8.596386293,9.282530591,11.97803513,15.08011751,19.887125,synergy
ZOLINZA,MK-5108,5311,24748204,BRD-K81418486,BRD-K53665955,3.153462035,5.187520688,-6.722400849,6.598204209,26.90075,NA
ZOLINZA,PD325901,5311,9826528,BRD-K81418486,BRD-K49865102,-1.071782303,-2.520982973,-0.528031953,3.030409692,-16.358125,NA
ZOLINZA,PROCARBAZINE HYDROCHLORIDE,5311,9703,BRD-K81418486,BRD-K13032584,-5.240175152,-4.022569189,-18.8214587,-7.180343889,-16.1965,antagonism
ZOLINZA,THALIDOMIDE,5311,5426,BRD-K81418486,BRD-A93255169,-3.908415542,0.20624107,-10.47312645,-4.013832744,11.57,NA
ZOLINZA,TOPOTECAN HYDROCHLORIDE,5311,60699,BRD-K81418486,BRD-K55696337,-8.728663842,-2.372576478,-31.14042051,-2.986859177,-8.3595,antagonism
5-FU,CRIZOTINIB,3385,11626560,BRD-K24844714,BRD-K78431006,-0.24272495,-2.942738876,-3.2950329,-1.761164782,-7.69475,antagonism
5-FU,VEMURAFENIB,3385,42611257,BRD-K24844714,BRD-K56343971,-4.991116956,-6.135541138,-1.072221534,1.401561961,-30.98375,NA
ALTRETAMINE,CRIZOTINIB,2123,11626560,BRD-K67043667,BRD-K78431006,0.859285979,3.523451606,-13.0128256,-2.475108244,11.984,NA
ALTRETAMINE,VEMURAFENIB,2123,42611257,BRD-K67043667,BRD-K56343971,3.375760097,4.466640278,-35.2185121,0.357613978,5.0785,antagonism
ANASTROZOLE,CHEMBL277800,2187,354624,BRD-K52172416,BRD-A82371568,1.907123342,1.307065158,-2.247079839,-2.933464479,1.1175,NA
ANASTROZOLE,NILOTINIB,2187,644241,BRD-K52172416,BRD-K81528515,1.875659895,-1.511218378,0.555482224,-3.686655554,-2.3955,NA
ANASTROZOLE,ZOLINZA,2187,5311,BRD-K52172416,BRD-K81418486,7.096645998,6.386396539,-2.59172333,-2.893732278,4.5635,NA
AXITINIB,CRIZOTINIB,6450551,11626560,BRD-K29905972,BRD-K78431006,-0.332301699,5.363956789,2.852254649,2.825532435,11.896,NA
AXITINIB,PAZOPANIB HYDROCHLORIDE,6450551,11525740,BRD-K29905972,BRD-K74514084,1.267363313,3.5483293,-1.474505935,0.206946929,6.1935,NA
AXITINIB,RUXOLITINIB,6450551,25126798,BRD-K29905972,BRD-K53972329,4.099782425,4.045843007,-3.47606149,-1.4057623,5.56375,NA
AXITINIB,VEMURAFENIB,6450551,42611257,BRD-K29905972,BRD-K56343971,2.911738154,3.371596522,-6.899012862,2.659436472,10.4275,NA
BORTEZOMIB,DASATINIB,387447,3062316,BRD-K88510285,BRD-K49328571,0.669053874,3.304306066,1.539632826,3.45871563,-21.907125,synergy
CHEMBL277800,MITOTANE,354624,4211,BRD-A82371568,BRD-A31204924,2.549194378,1.706033759,-1.141917822,-3.513298514,0.5495,NA
CHLORAMBUCIL,CRIZOTINIB,2708,11626560,BRD-K29458283,BRD-K78431006,-8.037021432,-3.651477569,-8.451423276,-4.190506609,-6.54675,antagonism
CHLORAMBUCIL,VEMURAFENIB,2708,42611257,BRD-K29458283,BRD-K56343971,-6.108596941,-3.52396215,-14.90195988,-0.487454853,-14.2215,antagonism
CRIZOTINIB,DEXRAZOXANE,11626560,71384,BRD-K78431006,BRD-K07265709,-2.891050039,2.251970817,2.911662995,3.107421707,20.864,NA
CRIZOTINIB,EXEMESTANE,11626560,60198,BRD-K78431006,BRD-K33425534,-1.16027115,1.681168411,-2.575247631,1.320797602,-5.31825,NA
CRIZOTINIB,GEFITINIB,11626560,123631,BRD-K78431006,BRD-K64052750,8.114826024,9.541068919,9.370464018,9.447908712,28.7365,synergy
CRIZOTINIB,LENALIDOMIDE,11626560,216326,BRD-K78431006,BRD-A17883755,-1.119139582,0.96762454,-2.945991147,0.565741803,7.5855,NA
CRIZOTINIB,MEGESTROL ACETATE,11626560,11683,BRD-K78431006,BRD-K19507340,-1.326240519,0.108125273,-6.540168159,-2.018578676,8.444,NA
CRIZOTINIB,PAZOPANIB HYDROCHLORIDE,11626560,11525740,BRD-K78431006,BRD-K74514084,0.481105935,7.096665851,-2.777026633,4.021169152,13.77525,NA
CRIZOTINIB,RUXOLITINIB,11626560,25126798,BRD-K78431006,BRD-K53972329,0.978294626,4.257681642,-8.030137744,-0.940484522,9.62,NA
CRIZOTINIB,VEMURAFENIB,11626560,42611257,BRD-K78431006,BRD-K56343971,2.837648371,2.35426792,-2.971373341,2.87475504,16.523,NA
DASATINIB,LAPATINIB,3062316,208908,BRD-K49328571,BRD-K19687926,5.815653876,6.753569716,8.792501633,9.070667006,7.6270625,synergy
DEXRAZOXANE,VEMURAFENIB,71384,42611257,BRD-K07265709,BRD-K56343971,-1.822592928,-0.735676069,1.385258666,4.164007213,0.56575,NA
EXEMESTANE,VEMURAFENIB,60198,42611257,BRD-K33425534,BRD-K56343971,-1.118533651,-1.826625715,-5.998416686,0.612931983,-12.76725,NA
GEFITINIB,VEMURAFENIB,123631,42611257,BRD-K64052750,BRD-K56343971,9.779865992,11.05237888,12.76110694,14.90517388,20.1675,synergy
LENALIDOMIDE,VEMURAFENIB,216326,42611257,BRD-A17883755,BRD-K56343971,-0.131520136,-1.008409155,-10.39334617,0.639020272,-4.6615,NA
MEGESTROL ACETATE,VEMURAFENIB,11683,42611257,BRD-K19507340,BRD-K56343971,4.553466583,4.227406074,-16.87762837,3.598810596,14.47625,NA
MITOTANE,NILOTINIB,4211,644241,BRD-A31204924,BRD-K81528515,1.084544963,0.675148235,-2.482762363,-2.613877895,0.1735,NA
PAZOPANIB HYDROCHLORIDE,RUXOLITINIB,11525740,25126798,BRD-K74514084,BRD-K53972329,3.832366602,3.204376944,-2.741122714,-2.316762299,4.74025,NA
PAZOPANIB HYDROCHLORIDE,VEMURAFENIB,11525740,42611257,BRD-K74514084,BRD-K56343971,10.37975847,10.80646833,-15.61974305,9.066836201,21.93425,NA
RUXOLITINIB,VEMURAFENIB,25126798,42611257,BRD-K53972329,BRD-K56343971,2.372401479,0.882627277,-27.15957638,-2.472997133,6.3225,antagonism
TEMOZOLOMIDE,ZOLINZA,5394,5311,BRD-K32107296,BRD-K81418486,5.360078246,4.326282094,-38.14216435,-1.799821783,11.375,antagonism
